id,date,fund,category,measure,payment_amount,payments_number
1,04/01/16,ΕΓΤΕ,Μέτρα Αγοράς,Μεταφορικά νησιών Αιγαίου,30245.16,7
2,05/01/16,ΕΓΤΕ,Μέτρα Αγοράς,Μεταφορικά νησιών Αιγαίου,29950.4,10
3,07/01/16,ΕΓΤΕ,Μέτρα Αγοράς,Μεταφορικά νησιών Αιγαίου,10024.16,6
4,08/01/16,ΕΓΤΕ,Μέτρα Αγοράς,Μεταφορικά νησιών Αιγαίου,76324.96,18
5,11/01/16,ΕΓΤΕ,Μέτρα Αγοράς,Μεταφορικά νησιών Αιγαίου,23126.56,6
6,11/01/16,ΕΤΑ,Πληρωμές ΕΤΑ 2007-2013,Μ113 – Επενδύσεις στα αλιευτικά σκάφη και στην επιλεκτικότητα των αλιευτικών εργαλείων,26000,1
7,12/01/16,ΕΓΤΕ,Μέτρα Αγοράς,Μεταφορικά νησιών Αιγαίου,5721.6,5
8,12/01/16,ΕΤΑ,Πληρωμές ΕΤΑ 2007-2013,Μ221 – Υδατοκαλλιέργεια,208461.4,3
9,13/01/16,ΕΓΤΕ,Μέτρα Αγοράς,Μεταφορικά νησιών Αιγαίου,24080.8,7
10,13/01/16,ΕΓΤΕ,Μέτρα Αγοράς,Προώθηση Προϊόντων – Εντός Ένωσης,58730.19,1
11,13/01/16,ΕΤΑ,Πληρωμές ΕΤΑ 2007-2013,Πρόωρη Συνταξιοδότηση Αλιέων – block account,69984,47
12,13/01/16,ΕΤΑ,Πληρωμές ΕΤΑ 2007-2013,Πρόωρη Συνταξιοδότηση Αλιέων – ΠΔΕ,102690,71
13,14/01/16,ΕΓΤΕ,Μέτρα Αγοράς,Μεταφορικά νησιών Αιγαίου,16377.6,12
14,14/01/16,ΕΤΑ,Πληρωμές ΕΤΑ 2007-2013,Μ223 – Επενδύσεις στον τομέα της μεταποίησης και εμπορίας,59913.01,1
15,15/01/16,ΕΓΤΕ,Μέτρα Αγοράς,Μεταφορικά νησιών Αιγαίου,45735.93,19
16,15/01/16,ΕΤΑ,Πληρωμές ΕΤΑ 2007-2013,Μ113 – Επενδύσεις στα αλιευτικά σκάφη και στην επιλεκτικότητα των αλιευτικών εργαλείων,51421.24,3
17,18/01/16,ΕΓΤΕ,Μέτρα Αγοράς,Μεταφορικά νησιών Αιγαίου,54917.63,13
18,18/01/16,ΕΓΤΕ,Μέτρα Αγοράς,Προώθηση Προϊόντων – Τρίτες Χώρες,188191.79,1
19,19/01/16,ΕΓΤΕ,Μέτρα Αγοράς,Μεταφορικά νησιών Αιγαίου,10180.58,7
20,19/01/16,ΕΤΑ,Πληρωμές ΕΤΑ 2007-2013,Μ113 – Επενδύσεις στα αλιευτικά σκάφη και στην επιλεκτικότητα των αλιευτικών εργαλείων,8393.64,2
21,19/01/16,Λοιπές Πληρωμές ΕΛΕΓΕΠ,Λοιπές Πληρωμές,Παροχή Υπηρεσιών,207241.11,5
22,20/01/16,Λοιπές Πληρωμές ΕΛΕΓΕΠ,Λοιπές Πληρωμές,Παροχή Υπηρεσιών,107639.57,3
23,21/01/16,ΕΓΤΕ,Άμεσες Ενισχύσεις,Διεπαγγελματική Βάμβακος 2013,169.45,35
24,21/01/16,ΕΓΤΕ,Άμεσες Ενισχύσεις,Πρόσθετη Ενίσχυση για Πιστοποιημένη Ελαιοκαλλιέργεια 2013,11084.47,62
25,21/01/16,ΕΓΤΕ,Άμεσες Ενισχύσεις,Πρόσθετη Ενίσχυση για Σκληρό Σιτάρι 2013,16362.22,42
26,21/01/16,ΕΓΤΕ,Άμεσες Ενισχύσεις,Στρεμματική Ενίσχυση Βάμβακος 2013,38918.16,36
27,21/01/16,ΕΓΤΕ,Μέτρα Αγοράς,Επιχειρησιακό Πρόγραμμα Φρούτων,15712.7,1
28,21/01/16,ΕΓΤΕ,Μέτρα Αγοράς,Μεταφορικά νησιών Αιγαίου,31026.88,3
29,22/01/16,ΕΓΤΕ,Μέτρα Αγοράς,Μεταφορικά νησιών Αιγαίου,39589.55,7
30,22/01/16,ΕΓΤΕ,Μέτρα Αγοράς,Προώθηση Προϊόντων – Εντός Ένωσης,123422.28,1
31,22/01/16,Λοιπές Πληρωμές ΕΛΕΓΕΠ,Λοιπές Πληρωμές,Παροχή Υπηρεσιών,50156.07,1
32,25/01/16,ΕΓΤΕ,Μέτρα Αγοράς,Μεταφορικά νησιών Αιγαίου,44920.99,12
33,25/01/16,ΕΓΤΕ,Μέτρα Αγοράς,Προώθηση Προϊόντων – Εντός Ένωσης,89255.05,1
34,25/01/16,Λοιπές Πληρωμές ΕΛΕΓΕΠ,Λοιπές Πληρωμές,Παροχή Υπηρεσιών,134005.39,4
35,26/01/16,ΕΓΤΕ,Μέτρα Αγοράς,Μεταφορικά νησιών Αιγαίου,21909.61,8
36,26/01/16,ΕΤΑ,Πληρωμές ΕΤΑ 2007-2013,Μ113 – Επενδύσεις στα αλιευτικά σκάφη και στην επιλεκτικότητα των αλιευτικών εργαλείων,10640,3
37,27/01/16,ΕΓΤΕ,Μέτρα Αγοράς,Μεταφορικά νησιών Αιγαίου,5007.68,5
38,27/01/16,ΕΤΑ,Πληρωμές ΕΤΑ 2007-2013,Μ113 – Επενδύσεις στα αλιευτικά σκάφη και στην επιλεκτικότητα των αλιευτικών εργαλείων,22366.92,3
39,27/01/16,ΕΤΑ,Πληρωμές ΕΤΑ 2007-2013,Μ223 – Επενδύσεις στον τομέα της μεταποίησης και εμπορίας,586353.58,1
40,27/01/16,Λοιπές Πληρωμές ΕΛΕΓΕΠ,Λοιπές Πληρωμές,Παροχή Υπηρεσιών,114318.44,3
41,28/01/16,ΕΓΤΕ,Μέτρα Αγοράς,Μεταφορικά νησιών Αιγαίου,30706.72,16
42,28/01/16,Λοιπές Πληρωμές ΕΛΕΓΕΠ,Λοιπές Πληρωμές,Παροχή Υπηρεσιών,35881.58,1
43,29/01/16,ΕΓΤΕ,Μέτρα Αγοράς,Μεταφορικά νησιών Αιγαίου,40977.89,7
44,29/01/16,ΕΤΑ,Πληρωμές ΕΤΑ 2007-2013,Μ113 – Επενδύσεις στα αλιευτικά σκάφη και στην επιλεκτικότητα των αλιευτικών εργαλείων,21920,4
45,29/01/16,Λοιπές Πληρωμές ΕΛΕΓΕΠ,Λοιπές Πληρωμές,Παροχή Υπηρεσιών,270407.54,9
46,01/02/16,ΕΓΤΕ,Μέτρα Αγοράς,Μεταφορικά νησιών Αιγαίου,12825.35,7
47,01/02/16,ΕΤΑ,Πληρωμές ΕΤΑ 2007-2013,Μ441 – Αειφόρος ανάπτυξη αλιευτικών περιοχών,52872.26,1
48,01/02/16,Λοιπές Πληρωμές ΕΛΕΓΕΠ,Λοιπές Πληρωμές,Παροχή Υπηρεσιών,125697.65,3
49,02/02/16,ΕΓΤΕ,Μέτρα Αγοράς,Μεταφορικά νησιών Αιγαίου,6796,5
50,03/02/16,ΕΓΤΕ,Μέτρα Αγοράς,Μεταφορικά νησιών Αιγαίου,27108,9
51,03/02/16,ΕΤΑ,Πληρωμές ΕΤΑ 2007-2013,Μ113 – Επενδύσεις στα αλιευτικά σκάφη και στην επιλεκτικότητα των αλιευτικών εργαλείων,8976.08,3
52,03/02/16,Λοιπές Πληρωμές ΕΛΕΓΕΠ,Λοιπές Πληρωμές,Παροχή Υπηρεσιών,83185.1,2
53,04/02/16,ΕΓΤΕ,Μέτρα Αγοράς,Μεταφορικά νησιών Αιγαίου,20606.4,4
54,04/02/16,Λοιπές Πληρωμές ΕΛΕΓΕΠ,Λοιπές Πληρωμές,Παροχή Υπηρεσιών,40817.93,1
55,05/02/16,ΕΓΤΕ,Άμεσες Ενισχύσεις,Κατ’ αποκοπή Στρεμματική Ενίσχυση Παραγωγών Ελληνικών Νησιών Αιγαίου 2013,23563.28,189
56,05/02/16,ΕΓΤΕ,Μέτρα Αγοράς,Μεταφορικά νησιών Αιγαίου,8352,5
57,05/02/16,Λοιπές Πληρωμές ΕΛΕΓΕΠ,Λοιπές Πληρωμές,Παροχή Υπηρεσιών,39572.15,1
58,08/02/16,ΕΓΤΕ,Μέτρα Αγοράς,Μεταφορικά νησιών Αιγαίου,15328,6
59,08/02/16,ΕΤΑ,Πληρωμές ΕΤΑ 2007-2013,Μ113 – Επενδύσεις στα αλιευτικά σκάφη και στην επιλεκτικότητα των αλιευτικών εργαλείων,3034.48,2
60,09/02/16,ΕΓΤΕ,Μέτρα Αγοράς,Μεταφορικά νησιών Αιγαίου,20422.51,16
61,09/02/16,ΕΓΤΕ,Μέτρα Αγοράς,Προώθηση Προϊόντων – Εντός Ένωσης,116866.96,1
62,09/02/16,ΕΓΤΕ,Μέτρα Αγοράς,Προώθηση Προϊόντων – Τρίτες Χώρες,30619.41,1
63,09/02/16,ΕΤΑ,Πληρωμές ΕΤΑ 2007-2013,Μ113 – Επενδύσεις στα αλιευτικά σκάφη και στην επιλεκτικότητα των αλιευτικών εργαλείων,6780.88,4
64,09/02/16,Λοιπές Πληρωμές ΕΛΕΓΕΠ,Λοιπές Πληρωμές,Παροχή Υπηρεσιών,7809711.83,1
65,10/02/16,ΕΓΤΕ,Μέτρα Αγοράς,Μεταφορικά νησιών Αιγαίου,6848,4
66,10/02/16,ΕΓΤΕ,Μέτρα Αγοράς,Προώθηση Προϊόντων – Τρίτες Χώρες,113836.13,1
67,10/02/16,ΕΤΑ,Πληρωμές ΕΤΑ 2007-2013,Μ113 – Επενδύσεις στα αλιευτικά σκάφη και στην επιλεκτικότητα των αλιευτικών εργαλείων,10696.4,5
68,10/02/16,ΕΤΑ,Πληρωμές ΕΤΑ 2007-2013,Μ441 – Αειφόρος ανάπτυξη αλιευτικών περιοχών,39307.03,1
69,11/02/16,ΕΓΤΕ,Μέτρα Αγοράς,Μεταφορικά νησιών Αιγαίου,14956.8,8
70,11/02/16,ΕΓΤΕ,Μέτρα Αγοράς,Προώθηση Προϊόντων – Τρίτες Χώρες,248595.61,1
71,11/02/16,ΕΤΑ,Πληρωμές ΕΤΑ 2007-2013,Μ113 – Επενδύσεις στα αλιευτικά σκάφη και στην επιλεκτικότητα των αλιευτικών εργαλείων,11069.93,2
72,11/02/16,ΕΤΑ,Πληρωμές ΕΤΑ 2007-2013,Μ221 – Υδατοκαλλιέργεια,166113.26,1
73,11/02/16,ΕΤΑ,Πληρωμές ΕΤΑ 2007-2013,Μ441 – Αειφόρος ανάπτυξη αλιευτικών περιοχών,83378.89,1
74,11/02/16,Λοιπές Πληρωμές ΕΛΕΓΕΠ,Λοιπές Πληρωμές,Παροχή Υπηρεσιών,46866.75,1
75,12/02/16,ΕΓΤΕ,Μέτρα Αγοράς,Μεταφορικά νησιών Αιγαίου,35648.07,7
76,12/02/16,ΕΓΤΕ,Μέτρα Αγοράς,Προώθηση Προϊόντων – Τρίτες Χώρες,196775.64,1
77,12/02/16,ΕΓΤΕ,Μέτρα Αγοράς,ΦΠΑ νησιών Αιγαίου,11687.88,18
78,12/02/16,Λοιπές Πληρωμές ΕΛΕΓΕΠ,Λοιπές Πληρωμές,Παροχή Υπηρεσιών,115765.19,3
79,15/02/16,ΕΓΤΕ,Μέτρα Αγοράς,Μεταφορικά νησιών Αιγαίου,35347.2,4
80,15/02/16,ΕΓΤΕ,Μέτρα Αγοράς,Προώθηση Προϊόντων – Τρίτες Χώρες,35685.03,1
81,15/02/16,ΕΓΤΕ,Μέτρα Αγοράς,ΦΠΑ νησιών Αιγαίου,10590.44,17
82,15/02/16,ΕΤΑ,Πληρωμές ΕΤΑ 2007-2013,Μ441 – Αειφόρος ανάπτυξη αλιευτικών περιοχών,100887.53,1
83,15/02/16,Λοιπές Πληρωμές ΕΛΕΓΕΠ,Λοιπές Πληρωμές,Παροχή Υπηρεσιών,39627.81,1
84,16/02/16,ΕΓΤΕ,Μέτρα Αγοράς,Μεταφορικά νησιών Αιγαίου,32276.38,11
85,16/02/16,ΕΓΤΕ,Μέτρα Αγοράς,Προώθηση Προϊόντων – Εσωτερική Αγορά,28995.4,1
86,17/02/16,ΕΓΤΕ,Μέτρα Αγοράς,Μεταφορικά νησιών Αιγαίου,11740,3
87,17/02/16,ΕΓΤΕ,Μέτρα Αγοράς,ΦΠΑ νησιών Αιγαίου,11157.24,19
88,18/02/16,ΕΓΤΕ,Μέτρα Αγοράς,Μεταφορικά νησιών Αιγαίου,81125.47,7
89,18/02/16,ΕΓΤΕ,Μέτρα Αγοράς,Προώθηση Προϊόντων – Εσωτερική Αγορά,7979.11,1
90,18/02/16,Λοιπές Πληρωμές ΕΛΕΓΕΠ,Λοιπές Πληρωμές,Παροχή Υπηρεσιών,30975.04,1
91,19/02/16,ΕΓΤΕ,Μέτρα Αγοράς,Μεταφορικά νησιών Αιγαίου,23642.4,11
92,19/02/16,ΕΓΤΕ,Μέτρα Αγοράς,Προώθηση Προϊόντων – Τρίτες Χώρες,82327.37,1
93,19/02/16,ΕΓΤΕ,Μέτρα Αγοράς,ΦΠΑ νησιών Αιγαίου,21508.31,19
94,22/02/16,ΕΓΤΕ,Άμεσες Ενισχύσεις,Ενιαία Ενίσχυση 2013,158556.62,105
95,22/02/16,ΕΓΤΕ,Άμεσες Ενισχύσεις,Πρόσθετη Ενίσχυση για Σκληρό Σιτάρι 2013,24.12,1
96,22/02/16,ΕΓΤΕ,Άμεσες Ενισχύσεις,Στρεμματική Ενίσχυση Βάμβακος 2013,28.2,1
97,22/02/16,ΕΓΤΕ,Μέτρα Αγοράς,Μεταφορικά νησιών Αιγαίου,8143.3,7
98,22/02/16,ΕΓΤΕ,Μέτρα Αγοράς,Νησιά Αιγαίου (Μελισσοκομία),23894.69,2017
99,22/02/16,ΕΤΑ,Πληρωμές ΕΤΑ 2007-2013,Μ113 – Επενδύσεις στα αλιευτικά σκάφη και στην επιλεκτικότητα των αλιευτικών εργαλείων,72196.23,11
100,22/02/16,ΕΤΑ,Πληρωμές ΕΤΑ 2007-2013,Μ223 – Επενδύσεις στον τομέα της μεταποίησης και εμπορίας,100278.81,1
101,22/02/16,ΕΤΑ,Πληρωμές ΕΤΑ 2007-2013,Μ441 – Αειφόρος ανάπτυξη αλιευτικών περιοχών,1624062.38,3
102,22/02/16,Λοιπές Πληρωμές ΕΛΕΓΕΠ,Λοιπές Πληρωμές,Παροχή Υπηρεσιών,47028.82,1
103,23/02/16,ΕΓΤΕ,Μέτρα Αγοράς,Μεταφορικά νησιών Αιγαίου,13400,8
104,23/02/16,ΕΤΑ,Πληρωμές ΕΤΑ 2007-2013,Μ113 – Επενδύσεις στα αλιευτικά σκάφη και στην επιλεκτικότητα των αλιευτικών εργαλείων,16224.26,6
105,23/02/16,ΕΤΑ,Πληρωμές ΕΤΑ 2007-2013,Μ221 – Υδατοκαλλιέργεια,679059.65,1
106,23/02/16,Λοιπές Πληρωμές ΕΛΕΓΕΠ,Λοιπές Πληρωμές,Παροχή Υπηρεσιών,69424.54,2
107,24/02/16,ΕΓΤΕ,Μέτρα Αγοράς,Μεταφορικά νησιών Αιγαίου,78429.17,14
108,24/02/16,ΕΤΑ,Πληρωμές ΕΤΑ 2007-2013,Μ113 – Επενδύσεις στα αλιευτικά σκάφη και στην επιλεκτικότητα των αλιευτικών εργαλείων,2747.97,1
109,25/02/16,ΕΓΤΕ,Μέτρα Αγοράς,Επιχειρησιακό Πρόγραμμα Φρούτων,16055.66,1
110,25/02/16,ΕΓΤΕ,Μέτρα Αγοράς,Μεταφορικά νησιών Αιγαίου,13311.68,8
111,25/02/16,ΕΓΤΕ,Μέτρα Αγοράς,Προώθηση Προϊόντων – Εντός Ένωσης,16877.81,2
112,25/02/16,ΕΓΤΕ,Μέτρα Αγοράς,Προώθηση Προϊόντων – Εσωτερική Αγορά,44325.71,2
113,25/02/16,ΕΓΤΕ,Μέτρα Αγοράς,ΦΠΑ νησιών Αιγαίου,36291.27,23
114,25/02/16,ΕΤΑ,Πληρωμές ΕΤΑ 2007-2013,Μ113 – Επενδύσεις στα αλιευτικά σκάφη και στην επιλεκτικότητα των αλιευτικών εργαλείων,22851,3
115,25/02/16,Λοιπές Πληρωμές ΕΛΕΓΕΠ,Λοιπές Πληρωμές,Παροχή Υπηρεσιών,83386.27,2
116,26/02/16,ΕΓΤΕ,Μέτρα Αγοράς,Μεταφορικά νησιών Αιγαίου,33752.6,11
117,26/02/16,Λοιπές Πληρωμές ΕΛΕΓΕΠ,Λοιπές Πληρωμές,Παροχή Υπηρεσιών,134824.67,4
118,29/02/16,ΕΓΤΕ,Μέτρα Αγοράς,Μεταφορικά νησιών Αιγαίου,1712.48,2
119,29/02/16,ΕΓΤΕ,Μέτρα Αγοράς,Νησιά Αιγαίου (Μελισσοκομία),56920.13,135
120,29/02/16,ΕΓΤΕ,Μέτρα Αγοράς,Προώθηση Προϊόντων – Εντός Ένωσης,64428.11,2
121,29/02/16,ΕΓΤΕ,Μέτρα Αγοράς,Προώθηση Προϊόντων – Εσωτερική Αγορά,161070.28,2
122,29/02/16,ΕΤΑ,Πληρωμές ΕΤΑ 2007-2013,Μ221 – Υδατοκαλλιέργεια,120838.22,1
123,29/02/16,ΕΤΑ,Πληρωμές ΕΤΑ 2007-2013,Μ441 – Αειφόρος ανάπτυξη αλιευτικών περιοχών,71204.79,1
124,29/02/16,Λοιπές Πληρωμές ΕΛΕΓΕΠ,Λοιπές Πληρωμές,Παροχή Υπηρεσιών,26789.39,1
125,01/03/16,ΕΓΤΕ,Μέτρα Αγοράς,Επιχειρησιακό Πρόγραμμα Φρούτων,190590,1
126,01/03/16,ΕΓΤΕ,Μέτρα Αγοράς,Μεταφορικά νησιών Αιγαίου,9893.12,4
127,01/03/16,ΕΓΤΕ,Μέτρα Αγοράς,Νησιά Αιγαίου (Μελισσοκομία),21078.47,35
128,01/03/16,ΕΤΑ,Πληρωμές ΕΤΑ 2007-2013,Μ223 – Επενδύσεις στον τομέα της μεταποίησης και εμπορίας,121772.98,3
129,02/03/16,ΕΓΤΕ,Μέτρα Αγοράς,ΦΠΑ νησιών Αιγαίου,14512.47,14
130,02/03/16,ΕΤΑ,Πληρωμές ΕΤΑ 2007-2013,Μ113 – Επενδύσεις στα αλιευτικά σκάφη και στην επιλεκτικότητα των αλιευτικών εργαλείων,2120.62,1
131,03/03/16,ΕΓΤΕ,Άμεσες Ενισχύσεις,Πρόσθετη Ενίσχυση Αιγοπροβειου 2013,112690.05,187
132,03/03/16,ΕΓΤΕ,Άμεσες Ενισχύσεις,Πρόσθετη Ενίσχυση Θηλαζουσών Αγελάδων 2013,19131.9,18
133,03/03/16,ΕΓΤΕ,Άμεσες Ενισχύσεις,Πρόσθετη Ενίσχυση Μετακινούμενων Αιγοπροβάτων 2013,10921.92,11
134,03/03/16,ΕΓΤΕ,Άμεσες Ενισχύσεις,Πρόσθετη Ενίσχυση Μοσχίδων Αναπαραγωγής 2013,2048.59,2
135,03/03/16,ΕΓΤΕ,Μέτρα Αγοράς,Μεταφορικά νησιών Αιγαίου,14425.28,8
136,03/03/16,ΕΓΤΕ,Μέτρα Αγοράς,Προώθηση Προϊόντων – Τρίτες Χώρες,486132.93,2
137,03/03/16,ΕΓΤΕ,Μέτρα Αγοράς,ΦΠΑ νησιών Αιγαίου,29938.64,15
138,03/03/16,ΕΤΑ,Πληρωμές ΕΤΑ 2007-2013,Μ334 – Ανάπτυξη νέων αγορών και εκστρατείες προώθησης,142232.72,1
139,03/03/16,Λοιπές Πληρωμές ΕΛΕΓΕΠ,Λοιπές Πληρωμές,Παροχή Υπηρεσιών,103891.32,2
140,04/03/16,ΕΓΤΕ,Άμεσες Ενισχύσεις,Ενίσχυση για την καλλιέργεια ανοιξιάτικης πατάτας 2013,2547.57,14
141,04/03/16,ΕΓΤΕ,Άμεσες Ενισχύσεις,Ενίσχυση για την καλλιέργεια εσπεριδοειδών Δωδεκανήσων 2013,500,2
142,04/03/16,ΕΓΤΕ,Άμεσες Ενισχύσεις,Ενίσχυση για την καλλιέργεια εσπεριδοειδών Καλύμνου 2013,553.72,1
143,04/03/16,ΕΓΤΕ,Άμεσες Ενισχύσεις,Ενίσχυση για την καλλιέργεια εσπεριδοειδών Σάμου 2013,436.1,2
144,04/03/16,ΕΓΤΕ,Άμεσες Ενισχύσεις,Ενίσχυση για την καλλιέργεια εσπεριδοειδών Χίου 2013,90,1
145,04/03/16,ΕΓΤΕ,Άμεσες Ενισχύσεις,Ενίσχυση για την καλλιέργεια κριθαριού Λήμνου 2013,52.97,3
146,04/03/16,ΕΓΤΕ,Άμεσες Ενισχύσεις,Ενίσχυση για την καλλιέργεια μαστίχας Χίου 2013,2531.83,4
147,04/03/16,ΕΓΤΕ,Άμεσες Ενισχύσεις,Ενίσχυση για την καλλιέργεια τοματακιού Σαντορίνης 2013,95,1
148,04/03/16,ΕΓΤΕ,Άμεσες Ενισχύσεις,Ενίσχυση για την καλλιέργεια φθινοπωρινής Πατάτας 2013,3325.09,16
149,04/03/16,ΕΓΤΕ,Άμεσες Ενισχύσεις,Στρεμματική Ενίσχυση VQPRD 2013,693,2
150,04/03/16,ΕΓΤΕ,Μέτρα Αγοράς,Μεταφορικά νησιών Αιγαίου,84765.36,19
151,04/03/16,ΕΓΤΕ,Μέτρα Αγοράς,Προώθηση Οίνων – Τρίτες Χώρες,1590222.4,2
152,04/03/16,ΕΤΑ,Πληρωμές ΕΤΑ 2007-2013,Μ113 – Επενδύσεις στα αλιευτικά σκάφη και στην επιλεκτικότητα των αλιευτικών εργαλείων,14218.53,2
153,04/03/16,Λοιπές Πληρωμές ΕΛΕΓΕΠ,Λοιπές Πληρωμές,Παροχή Υπηρεσιών,81776.13,2
154,07/03/16,ΕΓΤΕ,Μέτρα Αγοράς,Μεταφορικά νησιών Αιγαίου,29681.69,9
155,08/03/16,ΕΓΤΕ,Μέτρα Αγοράς,Επιχειρησιακό Πρόγραμμα Φρούτων,301500,1
156,08/03/16,ΕΓΤΕ,Μέτρα Αγοράς,Μεταφορικά νησιών Αιγαίου,28615.62,15
157,08/03/16,ΕΓΤΕ,Μέτρα Αγοράς,Πρόγραμμα Δραστηριότητας Οργανώσεων Ελαιουργικών Φορέων,97083.15,2
158,08/03/16,ΕΓΤΕ,Μέτρα Αγοράς,Προώθηση Οίνων – Τρίτες Χώρες,841736,1
159,08/03/16,ΕΓΤΕ,Μέτρα Αγοράς,Προώθηση Προϊόντων – Εντός Ένωσης,38874.56,1
160,08/03/16,ΕΓΤΕ,Μέτρα Αγοράς,Προώθηση Προϊόντων – Εσωτερική Αγορά,97186.39,1
161,08/03/16,ΕΤΑ,Πληρωμές ΕΤΑ 2007-2013,Μ113 – Επενδύσεις στα αλιευτικά σκάφη και στην επιλεκτικότητα των αλιευτικών εργαλείων,12163.99,5
162,08/03/16,Λοιπές Πληρωμές ΕΛΕΓΕΠ,Λοιπές Πληρωμές,Παροχή Υπηρεσιών,19139.11,1
163,09/03/16,ΕΓΤΕ,Μέτρα Αγοράς,Νησιά Αιγαίου (Μελισσοκομία),8559.33,34
164,09/03/16,ΕΓΤΕ,Μέτρα Αγοράς,Πρόγραμμα Δραστηριότητας Οργανώσεων Ελαιουργικών Φορέων,1935781.47,20
165,09/03/16,ΕΤΑ,Πληρωμές ΕΤΑ 2007-2013,Μ113 – Επενδύσεις στα αλιευτικά σκάφη και στην επιλεκτικότητα των αλιευτικών εργαλείων,2240,1
166,10/03/16,ΕΓΤΕ,Μέτρα Αγοράς,Επιχειρησιακό Πρόγραμμα Φρούτων,16795.77,1
167,10/03/16,ΕΓΤΕ,Μέτρα Αγοράς,Πρόγραμμα Δραστηριότητας Οργανώσεων Ελαιουργικών Φορέων,771554.94,9
168,10/03/16,ΕΓΤΕ,Μέτρα Αγοράς,Προώθηση Οίνων – Τρίτες Χώρες,66553.2,1
169,10/03/16,ΕΤΑ,Πληρωμές ΕΤΑ 2007-2013,Μ221 – Υδατοκαλλιέργεια,160902.41,2
170,10/03/16,ΕΤΑ,Πληρωμές ΕΤΑ 2007-2013,Μ331 – Συλλογικές δράσεις,87746.04,3
171,10/03/16,Λοιπές Πληρωμές ΕΛΕΓΕΠ,Λοιπές Πληρωμές,Παροχή Υπηρεσιών,135683.79,3
172,11/03/16,ΕΓΤΕ,Μέτρα Αγοράς,Επιχειρησιακό Πρόγραμμα Φρούτων,32823.63,1
173,11/03/16,ΕΓΤΕ,Μέτρα Αγοράς,Μεταφορικά νησιών Αιγαίου,113109.94,26
174,11/03/16,ΕΓΤΕ,Μέτρα Αγοράς,Πρόγραμμα Δραστηριότητας Οργανώσεων Ελαιουργικών Φορέων,2613202.87,32
175,11/03/16,ΕΤΑ,Πληρωμές ΕΤΑ 2007-2013,Μ113 – Επενδύσεις στα αλιευτικά σκάφη και στην επιλεκτικότητα των αλιευτικών εργαλείων,1788,2
176,11/03/16,ΕΤΑ,Πληρωμές ΕΤΑ 2007-2013,Μ331 – Συλλογικές δράσεις,59280,2
177,15/03/16,ΕΓΤΕ,Μέτρα Αγοράς,Μεταφορικά νησιών Αιγαίου,36927.32,16
178,16/03/16,ΕΓΤΕ,Μέτρα Αγοράς,Μεταφορικά νησιών Αιγαίου,17024.88,14
179,16/03/16,ΕΓΤΕ,Μέτρα Αγοράς,Νησιά Αιγαίου (Μελισσοκομία),63473.91,73
180,16/03/16,ΕΤΑ,Πληρωμές ΕΤΑ 2007-2013,Μ113 – Επενδύσεις στα αλιευτικά σκάφη και στην επιλεκτικότητα των αλιευτικών εργαλείων,27605.73,1
181,16/03/16,ΕΤΑ,Πληρωμές ΕΤΑ 2007-2013,Μ223 – Επενδύσεις στον τομέα της μεταποίησης και εμπορίας,88088.22,2
182,16/03/16,ΕΤΑ,Πληρωμές ΕΤΑ 2007-2013,Μ331 – Συλλογικές δράσεις,117040,3
183,17/03/16,ΕΓΤΕ,Μέτρα Αγοράς,Επιχειρησιακό Πρόγραμμα Φρούτων,144000,1
184,17/03/16,ΕΓΤΕ,Μέτρα Αγοράς,Μεταφορικά νησιών Αιγαίου,4620.8,3
185,17/03/16,ΕΓΤΑΑ,Μέτρα Άξονα 1 - ΕΓΤΑΑ,Πρόωρη Συνταξιοδότηση Καν. 2079/92,789.51,29
186,17/03/16,ΕΓΤΑΑ,Μέτρα Άξονα 1 - ΕΓΤΑΑ,Πρόωρη Συνταξιοδότηση Καν. 1257/99,5698054.28,30356
187,17/03/16,ΕΤΑ,Πληρωμές ΕΤΑ 2007-2013,Μ335 – Πιλοτικά σχέδια,127664.7,1
188,17/03/16,Λοιπές Πληρωμές ΕΛΕΓΕΠ,Λοιπές Πληρωμές,Παροχή υπηρεσιών,17072.55,1
189,18/03/16,ΕΓΤΕ,Μέτρα Αγοράς,Μεταφορικά νησιών Αιγαίου,52167.96,20
190,18/03/16,ΕΓΤΕ,Μέτρα Αγοράς,Νησιά Αιγαίου (Μελισσοκομία),8393.68,17
191,18/03/16,ΕΤΑ,Πληρωμές ΕΤΑ 2007-2013,Μ441 – Αειφόρος ανάπτυξη αλιευτικών περιοχών,781196.3,3
192,21/03/16,ΕΓΤΕ,Άμεσες Ενισχύσεις,Συνδεδεμένη ενίσχυση για την καλλιέργεια βρώσιμων οσπρίων 2015,4462695.76,9943
193,21/03/16,ΕΓΤΕ,Άμεσες Ενισχύσεις,Συνδεδεμένη ενίσχυση για την καλλιέργεια πρωτεινούχων κτηνοτροφικών ψυχανθών 2015,3710142.71,6611
194,21/03/16,ΕΓΤΕ,Άμεσες Ενισχύσεις,Συνδεδεμένη ενίσχυση για την καλλιέργεια σκληρού σίτου 2015,7761244.51,33795
195,21/03/16,ΕΓΤΕ,Άμεσες Ενισχύσεις,Συνδεδεμένη ενίσχυση για την καλλιέργεια σπαραγγιών 2015,274889.04,316
196,21/03/16,ΕΓΤΕ,Μέτρα Αγοράς,Μεταφορικά νησιών Αιγαίου,23446.51,13
197,21/03/16,ΕΓΤΕ,Μέτρα Αγοράς,Νησιά Αιγαίου (Μελισσοκομία),70607.66,80
198,21/03/16,ΕΓΤΕ,Μέτρα Αγοράς,Προώθηση Προϊόντων – Εντός Ένωσης,104936.71,1
199,21/03/16,ΕΓΤΕ,Μέτρα Αγοράς,Προώθηση Προϊόντων – Εσωτερική Αγορά,462502.17,2
200,21/03/16,ΕΤΑ,Πληρωμές ΕΤΑ 2007-2013,Μ221 – Υδατοκαλλιέργεια,74028.45,1
201,21/03/16,ΕΤΑ,Πληρωμές ΕΤΑ 2007-2013,Μ331 – Συλλογικές δράσεις,27600,1
202,21/03/16,ΕΤΑ,Πληρωμές ΕΤΑ 2007-2013,Μ441 – Αειφόρος ανάπτυξη αλιευτικών περιοχών,266135.93,1
203,21/03/16,Λοιπές Πληρωμές ΕΛΕΓΕΠ,Λοιπές Πληρωμές,Παροχή Υπηρεσιών,49870.71,1
204,22/03/16,ΕΓΤΕ,Μέτρα Αγοράς,Μεταφορικά νησιών Αιγαίου,39681.6,17
205,22/03/16,ΕΤΑ,Πληρωμές ΕΤΑ 2007-2013,Μ221 – Υδατοκαλλιέργεια,39060,1
206,22/03/16,ΕΤΑ,Πληρωμές ΕΤΑ 2007-2013,Μ441 – Αειφόρος ανάπτυξη αλιευτικών περιοχών,541943.46,2
207,22/03/16,Λοιπές Πληρωμές ΕΛΕΓΕΠ,Λοιπές Πληρωμές,Παροχή Υπηρεσιών,37154.16,1
208,23/03/16,ΕΓΤΕ,Μέτρα Αγοράς,Μεταφορικά νησιών Αιγαίου,75116.72,9
209,23/03/16,ΕΤΑ,Πληρωμές ΕΤΑ 2007-2013,Μ221 – Υδατοκαλλιέργεια,381331.05,3
210,24/03/16,ΕΓΤΕ,Μέτρα Αγοράς,Μεταφορικά νησιών Αιγαίου,17955.91,5
211,24/03/16,Λοιπές Πληρωμές ΕΛΕΓΕΠ,Λοιπές Πληρωμές,Παροχή Υπηρεσιών,153994.81,3
212,28/03/16,ΕΓΤΕ,Μέτρα Αγοράς,Μεταφορικά νησιών Αιγαίου,67161.45,13
213,28/03/16,ΕΓΤΕ,Μέτρα Αγοράς,Προώθηση Προϊόντων – Τρίτες Χώρες,58800,1
214,28/03/16,ΕΓΤΕ,Μέτρα Αγοράς,ΦΠΑ νησιών Αιγαίου,9543.28,7
215,28/03/16,Λοιπές Πληρωμές ΕΛΕΓΕΠ,Λοιπές Πληρωμές,Παροχή Υπηρεσιών,114625.1,1
216,29/03/16,ΕΓΤΕ,Μέτρα Αγοράς,Μεταφορικά νησιών Αιγαίου,2235.21,4
217,29/03/16,ΕΤΑ,Πληρωμές ΕΤΑ 2007-2013,Μ113 – Επενδύσεις στα αλιευτικά σκάφη και στην επιλεκτικότητα των αλιευτικών εργαλείων,9817.8,1
218,29/03/16,Λοιπές Πληρωμές ΕΛΕΓΕΠ,Λοιπές Πληρωμές,Παροχή Υπηρεσιών,77149.89,2
219,30/03/16,ΕΓΤΕ,Μέτρα Αγοράς,Μεταφορικά νησιών Αιγαίου,26060.8,11
220,30/03/16,ΕΓΤΕ,Μέτρα Αγοράς,Προώθηση Προϊόντων – Τρίτες Χώρες,58800,1
221,30/03/16,ΕΓΤΑΑ,Μέτρα Άξονα 1 - ΕΓΤΑΑ,Πρόωρη Συνταξιοδότηση Καν. 2079/92,960.23,16
222,30/03/16,ΕΓΤΑΑ,Μέτρα Άξονα 1 - ΕΓΤΑΑ,Πρόωρη Συνταξιοδότηση Καν. 1257/99,5628281.33,30265
223,31/03/16,ΕΓΤΕ,Μέτρα Αγοράς,Μεταφορικά νησιών Αιγαίου,97609.7,36
224,31/03/16,ΕΤΑ,Πληρωμές ΕΤΑ 2007-2013,Μ113 – Επενδύσεις στα αλιευτικά σκάφη και στην επιλεκτικότητα των αλιευτικών εργαλείων,5949.44,2
225,01/04/16,ΕΓΤΕ,Μέτρα Αγοράς,Μεταφορικά νησιών Αιγαίου,40709.6,8
226,01/04/16,ΕΤΑ,Πληρωμές ΕΤΑ 2007-2013,Μ113 – Επενδύσεις στα αλιευτικά σκάφη και στην επιλεκτικότητα των αλιευτικών εργαλείων,6847.42,2
227,01/04/16,ΕΤΑ,Πληρωμές ΕΤΑ 2007-2013,Μ223 – Επενδύσεις στον τομέα της μεταποίησης και εμπορίας,303585.2,1
228,01/04/16,ΕΤΑ,Πληρωμές ΕΤΑ 2007-2013,Μ331 – Συλλογικές δράσεις,192344,5
229,01/04/16,ΕΤΑ,Πληρωμές ΕΤΑ 2007-2013,Μ441 – Αειφόρος ανάπτυξη αλιευτικών περιοχών,674136.42,2
230,04/04/16,ΕΓΤΕ,Άμεσες Ενισχύσεις,Στρεμματική Ενίσχυση Βάμβακος 2015,176401314.48,47373
231,04/04/16,ΕΓΤΕ,Άμεσες Ενισχύσεις,Συνδεδεμένη ενίσχυση για την καλλιέργεια ζαχαροτεύτλων 2015,2316049.85,1323
232,04/04/16,ΕΓΤΕ,Μέτρα Αγοράς,Μεταφορικά νησιών Αιγαίου,2400,3
233,05/04/16,ΕΓΤΕ,Μέτρα Αγοράς,Μεταφορικά νησιών Αιγαίου,320,1
234,05/04/16,ΕΤΑ,Πληρωμές ΕΤΑ 2007-2013,Μ221 – Υδατοκαλλιέργεια,63059.29,1
235,05/04/16,ΕΤΑ,Πληρωμές ΕΤΑ 2007-2013,Μ441 – Αειφόρος ανάπτυξη αλιευτικών περιοχών,194000,1
236,05/04/16,ΕΤΑ,Πληρωμές ΕΤΑ 2007-2013,Πρόωρη Συνταξιοδότηση Αλιέων – Block Account,59670,40
237,06/04/16,ΕΓΤΕ,Άμεσες Ενισχύσεις,Ενιαία Ενίσχυση 2014,9359379.74,97754
238,06/04/16,ΕΓΤΕ,Άμεσες Ενισχύσεις,Συνδεδεμένη ενίσχυση για την καλλιέργεια βρώσιμων οσπρίων 2015,272309.51,580
239,06/04/16,ΕΓΤΕ,Άμεσες Ενισχύσεις,Συνδεδεμένη ενίσχυση για την καλλιέργεια σκληρού σίτου 2015,806687.54,2852
240,06/04/16,ΕΓΤΕ,Μέτρα Αγοράς,Μεταφορικά νησιών Αιγαίου,29069.6,6
241,06/04/16,ΕΓΤΕ,Μέτρα Αγοράς,Προώθηση Προϊόντων – Τρίτες Χώρες,128817.78,1
242,07/04/16,ΕΓΤΕ,Άμεσες Ενισχύσεις,Συνδεδεμένη ενίσχυση για την καλλιέργεια πρωτεινούχων κτηνοτροφικών ψυχανθών 2015,268647.54,522
243,07/04/16,ΕΓΤΕ,Άμεσες Ενισχύσεις,Συνδεδεμένη ενίσχυση για την καλλιέργεια σπαραγγιών 2015,39362.99,41
244,07/04/16,ΕΓΤΕ,Μέτρα Αγοράς,Μεταφορικά νησιών Αιγαίου,16611.2,8
245,07/04/16,ΕΓΤΕ,Μέτρα Αγοράς,Προώθηση Προϊόντων – Εντός Ένωσης,250853.58,2
246,07/04/16,ΕΓΤΕ,Μέτρα Αγοράς,Προώθηση Προϊόντων – Εσωτερική Αγορά,627133.92,2
247,07/04/16,ΕΤΑ,Πληρωμές ΕΤΑ 2007-2013,Μ221 – Υδατοκαλλιέργεια,124062.61,2
248,07/04/16,ΕΤΑ,Πληρωμές ΕΤΑ 2007-2013,Πρόωρη Συνταξιοδότηση Αλιέων – ΠΔΕ,97488,68
249,07/04/16,Λοιπές Πληρωμές ΕΛΕΓΕΠ,Λοιπές Πληρωμές,Παροχή Υπηρεσιών,18560.28,1
250,08/04/16,ΕΓΤΕ,Μέτρα Αγοράς,Μεταφορικά νησιών Αιγαίου,1628.8,1
251,08/04/16,ΕΓΤΕ,Μέτρα Αγοράς,Νησιά Αιγαίου (Μελισσοκομία),149878.88,80
252,08/04/16,ΕΓΤΕ,Μέτρα Αγοράς,Προώθηση Προϊόντων – Τρίτες Χώρες,72546.35,1
253,08/04/16,ΕΓΤΕ,Μέτρα Αγοράς,ΦΠΑ νησιών Αιγαίου,13672.08,15
254,08/04/16,Λοιπές Πληρωμές ΕΛΕΓΕΠ,Λοιπές Πληρωμές,Παροχή Υπηρεσιών,33719.15,1
255,11/04/16,ΕΓΤΕ,Μέτρα Αγοράς,Μεταφορικά νησιών Αιγαίου,7750.4,12
256,12/04/16,ΕΓΤΕ,Μέτρα Αγοράς,Μεταφορικά νησιών Αιγαίου,9399.68,4
257,12/04/16,ΕΤΑ,Πληρωμές ΕΤΑ 2007-2013,Μ113 – Επενδύσεις στα αλιευτικά σκάφη και στην επιλεκτικότητα των αλιευτικών εργαλείων,7129.43,3
258,12/04/16,ΕΤΑ,Πληρωμές ΕΤΑ 2007-2013,Μ441 – Αειφόρος ανάπτυξη αλιευτικών περιοχών,1144266.14,3
259,13/04/16,ΕΓΤΕ,Μέτρα Αγοράς,Μεταφορικά νησιών Αιγαίου,5200,6
260,13/04/16,ΕΓΤΕ,Μέτρα Αγοράς,Προώθηση Προϊόντων – Εντός Ένωσης,122803.43,2
261,13/04/16,ΕΓΤΕ,Μέτρα Αγοράς,Προώθηση Προϊόντων – Εσωτερική Αγορά,307008.61,2
262,13/04/16,ΕΤΑ,Πληρωμές ΕΤΑ 2007-2013,Μ113 – Επενδύσεις στα αλιευτικά σκάφη και στην επιλεκτικότητα των αλιευτικών εργαλείων,9264.56,2
263,13/04/16,ΕΤΑ,Πληρωμές ΕΤΑ 2007-2013,Μ221 – Υδατοκαλλιέργεια,228575.68,2
264,13/04/16,ΕΤΑ,Πληρωμές ΕΤΑ 2007-2013,Μ335 – Πιλοτικά σχέδια,155012.13,2
265,13/04/16,Λοιπές Πληρωμές ΕΛΕΓΕΠ,Λοιπές Πληρωμές,Παροχή Υπηρεσιών,132889.88,1
266,14/04/16,ΕΓΤΕ,Άμεσες Ενισχύσεις,Διεπαγγελματική Βάμβακος 2014,506.07,95
267,14/04/16,ΕΓΤΕ,Άμεσες Ενισχύσεις,Ενίσχυση για την καλλιέργεια φασολιών 2014,48.5,1
268,14/04/16,ΕΓΤΕ,Άμεσες Ενισχύσεις,Κατ' αποκοπή στρεμματική ενίσχυση Ενώσεων Παραγωγών Ελληνικών νησιών Αιγαίου 2014,9738.58,95
269,14/04/16,ΕΓΤΕ,Άμεσες Ενισχύσεις,Πρόσθετη ενίσχυση αιγοπροβειου 2014,96818.88,249
270,14/04/16,ΕΓΤΕ,Άμεσες Ενισχύσεις,Πρόσθετη ενίσχυση για πιστοποιημένη Ελαιοκαλλιέργεια 2014,63564.61,175
271,14/04/16,ΕΓΤΕ,Άμεσες Ενισχύσεις,Πρόσθετη ενίσχυση για σκληρό Σιτάρι 2014,21187.3,67
272,14/04/16,ΕΓΤΕ,Άμεσες Ενισχύσεις,Πρόσθετη ενίσχυση θηλαζουσών Αγελάδων 2014,21738.77,13
273,14/04/16,ΕΓΤΕ,Άμεσες Ενισχύσεις,Πρόσθετη ενίσχυση μετακινούμενων Αιγοπροβάτων 2014,10915.1,14
274,14/04/16,ΕΓΤΕ,Άμεσες Ενισχύσεις,Πρόσθετη ενίσχυση μοσχίδων Αναπαραγωγής 2014,2242.75,4
275,14/04/16,ΕΓΤΕ,Άμεσες Ενισχύσεις,Στρεμματική ενίσχυση βάμβακος 2014,147108.18,139
276,14/04/16,ΕΓΤΕ,Άμεσες Ενισχύσεις,Συμπληρωματική πρόσθετη ενίσχυση αιγοπρόβειου 2014,2712.25,3
277,14/04/16,ΕΓΤΕ,Άμεσες Ενισχύσεις,Συμπληρωματική πρόσθετη ενίσχυση θηλαζουσών αγελάδων 2014,5295.13,2
278,14/04/16,ΕΓΤΕ,Άμεσες Ενισχύσεις,Συμπληρωματική πρόσθετη ενίσχυση μοσχίδων αναπαραγωγής 2014,2398.36,1
279,14/04/16,ΕΓΤΕ,Μέτρα Αγοράς,Μεταφορικά νησιών Αιγαίου,7507.68,3
280,14/04/16,ΕΓΤΑΑ,Μέτρα Άξονα 1 - ΕΓΤΑΑ,Πρόωρη Συνταξιοδότηση Καν. 2079/92,569.65,7
281,14/04/16,ΕΓΤΑΑ,Μέτρα Άξονα 1 - ΕΓΤΑΑ,Πρόωρη Συνταξιοδότηση Καν. 1257/99,5655936.12,30168
282,14/04/16,ΕΤΑ,Πληρωμές ΕΤΑ 2007-2013,Μ113 – Επενδύσεις στα αλιευτικά σκάφη και στην επιλεκτικότητα των αλιευτικών εργαλείων,1408,1
283,15/04/16,ΕΓΤΕ,Άμεσες Ενισχύσεις,Ενίσχυση για την καλλιέργεια VQPRD 2014,13017.36,62
284,15/04/16,ΕΓΤΕ,Άμεσες Ενισχύσεις,Ενίσχυση για την καλλιέργεια ανοιξιάτικης πατάτας 2014,2038.21,5
285,15/04/16,ΕΓΤΕ,Άμεσες Ενισχύσεις,Ενίσχυση για την καλλιέργεια εσπεριδοειδών Σάμου 2014,215,1
286,15/04/16,ΕΓΤΕ,Άμεσες Ενισχύσεις,Ενίσχυση για την καλλιέργεια κριθαριού Λήμνου 2014,56.64,3
287,15/04/16,ΕΓΤΕ,Άμεσες Ενισχύσεις,Ενίσχυση για την καλλιέργεια φθινοπωρινής πατάτας 2014,1052.86,6
288,15/04/16,ΕΓΤΕ,Μέτρα Αγοράς,Μεταφορικά νησιών Αιγαίου,17435.2,3
289,15/04/16,ΕΓΤΕ,Μέτρα Αγοράς,ΦΠΑ νησιών Αιγαίου,10057.44,14
290,15/04/16,ΕΤΑ,Πληρωμές ΕΤΑ 2007-2013,Μ113 – Επενδύσεις στα αλιευτικά σκάφη και στην επιλεκτικότητα των αλιευτικών εργαλείων,9201.65,2
291,15/04/16,ΕΤΑ,Πληρωμές ΕΤΑ 2007-2013,Μ221 – Υδατοκαλλιέργεια,138141.22,1
292,18/04/16,ΕΓΤΕ,Μέτρα Αγοράς,Μεταφορικά νησιών Αιγαίου,3578.4,5
293,18/04/16,ΕΓΤΕ,Μέτρα Αγοράς,Νησιά Αιγαίου (Μελισσοκομία),19627.23,76
294,18/04/16,ΕΓΤΕ,Μέτρα Αγοράς,Προώθηση Προϊόντων – Εντός Ένωσης,98715.15,1
295,18/04/16,ΕΓΤΕ,Μέτρα Αγοράς,Προώθηση Προϊόντων – Εσωτερική Αγορά,246787.89,1
296,18/04/16,ΕΤΑ,Πληρωμές ΕΤΑ 2007-2013,Μ113 – Επενδύσεις στα αλιευτικά σκάφη και στην επιλεκτικότητα των αλιευτικών εργαλείων,10400,5
297,19/04/16,ΕΓΤΕ,Μέτρα Αγοράς,Μεταφορικά νησιών Αιγαίου,21478.54,10
298,19/04/16,ΕΓΤΕ,Μέτρα Αγοράς,Νησιά Αιγαίου (Μελισσοκομία),49477.44,100
299,19/04/16,ΕΤΑ,Πληρωμές ΕΤΑ 2007-2013,Μ113 – Επενδύσεις στα αλιευτικά σκάφη και στην επιλεκτικότητα των αλιευτικών εργαλείων,8561.6,4
300,19/04/16,ΕΤΑ,Πληρωμές ΕΤΑ 2007-2013,Μ221 – Υδατοκαλλιέργεια,17938.86,1
301,19/04/16,ΕΤΑ,Πληρωμές ΕΤΑ 2007-2013,Μ223 – Επενδύσεις στον τομέα της μεταποίησης και εμπορίας,107464.7,1
302,19/04/16,Λοιπές Πληρωμές ΕΛΕΓΕΠ,Λοιπές Πληρωμές,Παροχή Υπηρεσιών,83918.11,2
303,20/04/16,ΕΓΤΕ,Μέτρα Αγοράς,Επιχειρησιακό Πρόγραμμα Φρούτων,16913.91,1
304,20/04/16,ΕΓΤΕ,Μέτρα Αγοράς,Μεταφορικά νησιών Αιγαίου,11004.8,5
305,20/04/16,ΕΓΤΕ,Μέτρα Αγοράς,Προώθηση Προϊόντων – Τρίτες Χώρες,342931.25,1
306,20/04/16,ΕΤΑ,Πληρωμές ΕΤΑ 2007-2013,Μ113 – Επενδύσεις στα αλιευτικά σκάφη και στην επιλεκτικότητα των αλιευτικών εργαλείων,21118,4
307,20/04/16,ΕΤΑ,Πληρωμές ΕΤΑ 2007-2013,Μ221 – Υδατοκαλλιέργεια,341984.01,4
308,20/04/16,ΕΤΑ,Πληρωμές ΕΤΑ 2007-2013,Μ223 – Επενδύσεις στον τομέα της μεταποίησης και εμπορίας,35891.77,1
309,21/04/16,ΕΓΤΕ,Μέτρα Αγοράς,Μεταφορικά νησιών Αιγαίου,103036.16,7
310,21/04/16,ΕΤΑ,Πληρωμές ΕΤΑ 2007-2013,Μ113 – Επενδύσεις στα αλιευτικά σκάφη και στην επιλεκτικότητα των αλιευτικών εργαλείων,14547,1
311,21/04/16,ΕΤΑ,Πληρωμές ΕΤΑ 2007-2013,Μ221 – Υδατοκαλλιέργεια,47288.59,1
312,22/04/16,ΕΓΤΕ,Μέτρα Αγοράς,Νησιά Αιγαίου (Μελισσοκομία),71860.96,149
313,22/04/16,ΕΓΤΑΑ,Μέτρα Άξονα 1 - ΕΓΤΑΑ,Πρόωρη Συνταξιοδότηση Καν. 2079/92,92.89,5
314,22/04/16,ΕΓΤΑΑ,Μέτρα Άξονα 1 - ΕΓΤΑΑ,Πρόωρη Συνταξιοδότηση Καν. 1257/99,5657438.32,30065
315,22/04/16,Λοιπές Πληρωμές ΕΛΕΓΕΠ,Λοιπές Πληρωμές,Παροχή Υπηρεσιών,47725.35,1
316,25/04/16,ΕΓΤΕ,Άμεσες Ενισχύσεις,Καθεστώς Βασικής Ενίσχυσης 2015,162685573.4,614173
317,25/04/16,ΕΓΤΕ,Άμεσες Ενισχύσεις,Πράσινη Ενίσχυση 2015,550944100.06,641817
318,25/04/16,ΕΓΤΕ,Μέτρα Αγοράς,Μεταφορικά νησιών Αιγαίου,10320.48,5
319,25/04/16,ΕΓΤΕ,Μέτρα Αγοράς,Νησιά Αιγαίου (Μελισσοκομία),11320.13,32
320,25/04/16,ΕΤΑ,Πληρωμές ΕΤΑ 2007-2013,Μ113 – Επενδύσεις στα αλιευτικά σκάφη και στην επιλεκτικότητα των αλιευτικών εργαλείων,4554,1
321,25/04/16,ΕΤΑ,Πληρωμές ΕΤΑ 2007-2013,Μ221 – Υδατοκαλλιέργεια,123020.47,2
322,26/04/16,ΕΓΤΕ,Μέτρα Αγοράς,Έκτακτα μέτρα στήριξης στα οπωροκηπευτικά,1407137.76,1
323,26/04/16,ΕΓΤΕ,Μέτρα Αγοράς,Μεταφορικά νησιών Αιγαίου,73084.08,15
324,26/04/16,ΕΓΤΕ,Μέτρα Αγοράς,Προώθηση Προϊόντων – Εντός Ένωσης,53450.38,1
325,26/04/16,ΕΓΤΕ,Μέτρα Αγοράς,Προώθηση Προϊόντων – Εσωτερική Αγορά,133625.96,1
326,26/04/16,ΕΓΤΕ,Μέτρα Αγοράς,Προώθηση Προϊόντων – Τρίτες Χώρες,71426.88,1
327,26/04/16,ΕΓΤΑΑ,Μέτρα Άξονα 2 - ΕΓΤΑΑ,Εξισωτική εκτός ορεινών Μέτρο 13.2,2721586.77,1809
328,26/04/16,ΕΓΤΑΑ,Μέτρα Άξονα 2 - ΕΓΤΑΑ,Εξισωτική ορεινών Μέτρο 13.1,6567059.05,3482
329,26/04/16,ΕΤΑ,Πληρωμές ΕΤΑ 2007-2013,Μ113 – Επενδύσεις στα αλιευτικά σκάφη και στην επιλεκτικότητα των αλιευτικών εργαλείων,609.89,2
330,26/04/16,ΕΤΑ,Πληρωμές ΕΤΑ 2007-2013,Μ223 – Επενδύσεις στον τομέα της μεταποίησης και εμπορίας,839165.45,3
331,26/04/16,ΕΤΑ,Πληρωμές ΕΤΑ 2007-2013,Μ441 – Αειφόρος ανάπτυξη αλιευτικών περιοχών,456992.75,2
332,27/04/16,ΕΓΤΕ,Μέτρα Αγοράς,Μεταφορικά νησιών Αιγαίου,36298.24,12
333,27/04/16,ΕΓΤΕ,Μέτρα Αγοράς,Προώθηση Προϊόντων – Εσωτερική Αγορά,110498.5,1
334,27/04/16,ΕΓΤΕ,Μέτρα Αγοράς,Προώθηση Προϊόντων – Τρίτες Χώρες,303046.95,1
335,27/04/16,ΕΤΑ,Πληρωμές ΕΤΑ 2007-2013,Μ221 – Υδατοκαλλιέργεια,78909.34,2
336,28/04/16,ΕΓΤΕ,Μέτρα Αγοράς,Μεταφορικά νησιών Αιγαίου,17283.05,8
337,28/04/16,ΕΓΤΕ,Μέτρα Αγοράς,Προώθηση Προϊόντων – Τρίτες Χώρες,298963.07,1
338,28/04/16,ΕΤΑ,Πληρωμές ΕΤΑ 2007-2013,Μ113 – Επενδύσεις στα αλιευτικά σκάφη και στην επιλεκτικότητα των αλιευτικών εργαλείων,26048.96,4
339,28/04/16,Λοιπές Πληρωμές ΕΛΕΓΕΠ,Λοιπές Πληρωμές,Παροχή Υπηρεσιών,14683.8,1
340,04/05/16,ΕΓΤΕ,Μέτρα Αγοράς,Μεταφορικά νησιών Αιγαίου,192,1
341,04/05/16,ΕΤΑ,Πληρωμές ΕΤΑ 2007-2013,Μ113 – Επενδύσεις στα αλιευτικά σκάφη και στην επιλεκτικότητα των αλιευτικών εργαλείων,15693.34,1
342,04/05/16,ΕΤΑ,Πληρωμές ΕΤΑ 2007-2013,Μ441 – Αειφόρος ανάπτυξη αλιευτικών περιοχών,146407.4,1
343,05/05/16,ΕΓΤΕ,Μέτρα Αγοράς,Μεταφορικά νησιών Αιγαίου,7366.4,4
344,06/05/16,ΕΓΤΕ,Μέτρα Αγοράς,Μεταφορικά νησιών Αιγαίου,65842.35,20
345,06/05/16,ΕΤΑ,Πληρωμές ΕΤΑ 2007-2013,Μ113 – Επενδύσεις στα αλιευτικά σκάφη και στην επιλεκτικότητα των αλιευτικών εργαλείων,2966.63,1
346,06/05/16,ΕΤΑ,Πληρωμές ΕΤΑ 2007-2013,Μ221 – Υδατοκαλλιέργεια,73323.25,1
347,09/05/16,ΕΓΤΕ,Μέτρα Αγοράς,Μεταφορικά νησιών Αιγαίου,33640.32,7
348,10/05/16,ΕΓΤΕ,Μέτρα Αγοράς,Βελτίωση στην παραγωγή και εμπορία μελιού,696,1
349,10/05/16,ΕΓΤΕ,Μέτρα Αγοράς,Επιχειρησιακό Πρόγραμμα Φρούτων,34425.08,1
350,10/05/16,ΕΓΤΕ,Μέτρα Αγοράς,Μεταφορικά νησιών Αιγαίου,39042.24,5
351,10/05/16,ΕΓΤΕ,Μέτρα Αγοράς,Νησιά Αιγαίου (Μελισσοκομία),112767.67,118
352,11/05/16,ΕΓΤΕ,Μέτρα Αγοράς,Μεταφορικά νησιών Αιγαίου,11274.88,3
353,11/05/16,ΕΤΑ,Πληρωμές ΕΤΑ 2007-2013,Μ113 – Επενδύσεις στα αλιευτικά σκάφη και στην επιλεκτικότητα των αλιευτικών εργαλείων,2800,2
354,11/05/16,ΕΤΑ,Πληρωμές ΕΤΑ 2007-2013,Μ221 – Υδατοκαλλιέργεια,422732.51,2
355,11/05/16,ΕΤΑ,Πληρωμές ΕΤΑ 2007-2013,Μ223 – Επενδύσεις στον τομέα της μεταποίησης και εμπορίας,610015.74,5
356,18/05/16,ΕΓΤΕ,Μέτρα Αγοράς,Έκτακτα μέτρα στήριξης στα οπωροκηπευτικά,591369.25,2
357,18/05/16,ΕΓΤΕ,Μέτρα Αγοράς,Μεταφορικά νησιών Αιγαίου,3007.01,3
358,18/05/16,ΕΓΤΕ,Μέτρα Αγοράς,Νησιά Αιγαίου (Μελισσοκομία),24538.83,33
359,18/05/16,ΕΤΑ,Πληρωμές ΕΤΑ 2007-2013,Μ221 – Υδατοκαλλιέργεια,652769.58,2
360,19/05/16,ΕΓΤΕ,Άμεσες Ενισχύσεις,Ειδική ενίσχυση για την καλλιέργεια βαμβακιού 2015,2246040.56,641
361,19/05/16,ΕΓΤΕ,Άμεσες Ενισχύσεις,Ενίσχυση για την καλλιέργεια αγκινάρας Τήνου 2015,3666.8,14
362,19/05/16,ΕΓΤΕ,Άμεσες Ενισχύσεις,Ενίσχυση για την καλλιέργεια εσπεριδοειδών στη νήσο Σάμο 2015,16892.67,102
363,19/05/16,ΕΓΤΕ,Άμεσες Ενισχύσεις,Ενίσχυση για την καλλιέργεια εσπεριδοειδών στη νήσο Χίο 2015,91435.76,331
364,19/05/16,ΕΓΤΕ,Άμεσες Ενισχύσεις,Ενίσχυση για την καλλιέργεια εσπεριδοειδών στο νομό Δωδεκανήσου 2015,93369.5,639
365,19/05/16,ΕΓΤΕ,Άμεσες Ενισχύσεις,Ενίσχυση για την καλλιέργεια κριθαριού Λήμνου 2015,192439.72,743
366,19/05/16,ΕΓΤΕ,Άμεσες Ενισχύσεις,Ενίσχυση για την καλλιέργεια μανταρινιάς στη νήσο Κάλυμνο 2015,2657.22,13
367,19/05/16,ΕΓΤΕ,Άμεσες Ενισχύσεις,Ενίσχυση για την καλλιέργεια τοματακιού Σαντορίνης 2015,14620.49,74
368,19/05/16,ΕΓΤΕ,Άμεσες Ενισχύσεις,Καθεστώς Βασικής Ενίσχυσης 2015,483962.29,1371
369,19/05/16,ΕΓΤΕ,Άμεσες Ενισχύσεις,Νέοι Γεωργοί 2015,14430286.92,38760
370,19/05/16,ΕΓΤΕ,Άμεσες Ενισχύσεις,Πράσινη Ενίσχυση 2015,82813.91,811
371,19/05/16,ΕΓΤΕ,Άμεσες Ενισχύσεις,Συνδεδεμένη ενίσχυση για την καλλιέργεια βρώσιμων οσπρίων 2015,42517.06,209
372,19/05/16,ΕΓΤΕ,Άμεσες Ενισχύσεις,Συνδεδεμένη ενίσχυση για την καλλιέργεια ζαχαροτεύτλων 2015,64402.58,46
373,19/05/16,ΕΓΤΕ,Άμεσες Ενισχύσεις,Συνδεδεμένη ενίσχυση για την καλλιέργεια πρωτεινούχων κτηνοτροφικών ψυχανθών 2015,624483.75,2077
374,19/05/16,ΕΓΤΕ,Άμεσες Ενισχύσεις,Συνδεδεμένη ενίσχυση για την καλλιέργεια σκληρού σίτου 2015,88847.36,498
375,19/05/16,ΕΓΤΕ,Άμεσες Ενισχύσεις,Συνδεδεμένη ενίσχυση για την καλλιέργεια σπαραγγιών 2015,116363.89,177
376,19/05/16,ΕΓΤΕ,Μέτρα Αγοράς,Ιδιωτική αποθεματοποίησης τυριών,1824.46,1
377,19/05/16,ΕΓΤΕ,Μέτρα Αγοράς,Μεταφορικά νησιών Αιγαίου,4849.6,6
378,19/05/16,ΕΓΤΕ,Μέτρα Αγοράς,Προώθηση Προϊόντων – Εσωτερική Αγορά,61513.95,1
379,19/05/16,ΕΓΤΕ,Μέτρα Αγοράς,Προώθηση Προϊόντων – Τρίτες Χώρες,106729.37,1
380,19/05/16,ΕΓΤΑΑ,Μέτρα Άξονα 1 - ΕΓΤΑΑ,Πρόωρη Συνταξιοδότηση Καν. 2079/92,92.89,4
381,19/05/16,ΕΓΤΑΑ,Μέτρα Άξονα 1 - ΕΓΤΑΑ,Πρόωρη Συνταξιοδότηση Καν. 1257/99,5658042.57,29947
382,20/05/16,ΕΓΤΕ,Άμεσες Ενισχύσεις,Ενίσχυση για τη διατήρηση παραδοσιακών ελαιώνων 2015,7899731.84,36352
383,20/05/16,ΕΓΤΕ,Μέτρα Αγοράς,Μεταφορικά νησιών Αιγαίου,210205.28,30
384,23/05/16,ΕΓΤΕ,Μέτρα Αγοράς,Μεταφορικά νησιών Αιγαίου,25388.8,6
385,24/05/16,ΕΓΤΕ,Μέτρα Αγοράς,Μεταφορικά νησιών Αιγαίου,11448.36,5
386,24/05/16,ΕΓΤΕ,Μέτρα Αγοράς,Πρόγραμμα Δραστηριότητας Οργανώσεων Ελαιουργικών Φορέων,34968.4,1
387,24/05/16,ΕΤΑ,Πληρωμές ΕΤΑ 2007-2013,Μ441 – Αειφόρος ανάπτυξη αλιευτικών περιοχών,295759.07,1
388,25/05/16,ΕΓΤΕ,Μέτρα Αγοράς,Νησιά Αιγαίου (Μελισσοκομία),84703.63,56
389,25/05/16,ΕΓΤΕ,Μέτρα Αγοράς,Πρόγραμμα Δραστηριότητας Οργανώσεων Ελαιουργικών Φορέων,105186.6,2
390,25/05/16,ΕΤΑ,Πληρωμές ΕΤΑ 2007-2013,Μ221 – Υδατοκαλλιέργεια,1709308.63,8
391,25/05/16,ΕΤΑ,Πληρωμές ΕΤΑ 2007-2013,Μ223 – Επενδύσεις στον τομέα της μεταποίησης και εμπορίας,319868.9,3
392,25/05/16,ΕΤΑ,Πληρωμές ΕΤΑ 2007-2013,Μ441 – Αειφόρος ανάπτυξη αλιευτικών περιοχών,274254.82,1
393,26/05/16,ΕΓΤΕ,Μέτρα Αγοράς,Μεταφορικά νησιών Αιγαίου,33018.28,7
394,26/05/16,ΕΓΤΕ,Μέτρα Αγοράς,Νησιά Αιγαίου (Μελισσοκομία),75888.17,126
395,26/05/16,ΕΓΤΕ,Μέτρα Αγοράς,Πρόγραμμα Δραστηριότητας Οργανώσεων Ελαιουργικών Φορέων,471356.86,6
396,27/05/16,ΕΓΤΕ,Μέτρα Αγοράς,Έκτακτα μέτρα στήριξης στα οπωροκηπευτικά,52408.35,1
397,27/05/16,ΕΓΤΕ,Μέτρα Αγοράς,Μεταφορικά νησιών Αιγαίου,12500.98,6
398,27/05/16,ΕΓΤΕ,Μέτρα Αγοράς,Πρόγραμμα Δραστηριότητας Οργανώσεων Ελαιουργικών Φορέων,1588328.97,15
399,27/05/16,ΕΓΤΕ,Μέτρα Αγοράς,Προώθηση Προϊόντων – Εντός Ένωσης,90791.37,1
400,27/05/16,ΕΓΤΕ,Μέτρα Αγοράς,Προώθηση Προϊόντων – Εσωτερική Αγορά,226978.41,1
401,27/05/16,ΕΤΑ,Πληρωμές ΕΤΑ 2007-2013,Μ334 – Ανάπτυξη νέων αγορών και εκστρατείες προώθησης,183571.25,1
402,30/05/16,ΕΓΤΕ,Μέτρα Αγοράς,Μεταφορικά νησιών Αιγαίου,20276.48,8
403,30/05/16,ΕΓΤΕ,Μέτρα Αγοράς,Πρόγραμμα Δραστηριότητας Οργανώσεων Ελαιουργικών Φορέων,951947.05,14
404,30/05/16,ΕΓΤΕ,Μέτρα Αγοράς,Προώθηση Οίνων – Τρίτες Χώρες,31864,1
405,31/05/16,ΕΓΤΕ,Μέτρα Αγοράς,Μεταφορικά νησιών Αιγαίου,10022.4,2
406,31/05/16,ΕΓΤΕ,Μέτρα Αγοράς,Νησιά Αιγαίου (Μελισσοκομία),12830.99,27
407,31/05/16,ΕΓΤΕ,Μέτρα Αγοράς,Πρόγραμμα Δραστηριότητας Οργανώσεων Ελαιουργικών Φορέων,1780521.41,24
408,31/05/16,ΕΓΤΕ,Μέτρα Αγοράς,Προώθηση Προϊόντων – Τρίτες Χώρες,882329.79,2
409,31/05/16,ΕΤΑ,Πληρωμές ΕΤΑ 2007-2013,Μ221 – Υδατοκαλλιέργεια,660179.41,3
410,01/06/16,ΕΓΤΕ,Μέτρα Αγοράς,Μεταφορικά νησιών Αιγαίου,12897.26,10
411,02/06/16,ΕΓΤΕ,Μέτρα Αγοράς,Μεταφορικά νησιών Αιγαίου,5072.2,6
412,02/06/16,ΕΤΑ,Πληρωμές ΕΤΑ 2007-2013,Μ221 – Υδατοκαλλιέργεια,289508.7,2
413,02/06/16,ΕΤΑ,Πληρωμές ΕΤΑ 2007-2013,Μ223 – Επενδύσεις στον τομέα της μεταποίησης και εμπορίας,93336.53,1
414,03/06/16,ΕΓΤΕ,Μέτρα Αγοράς,Μεταφορικά νησιών Αιγαίου,74883.84,20
415,03/06/16,ΕΓΤΕ,Μέτρα Αγοράς,Νησιά Αιγαίου (Μελισσοκομία),40984.07,77
416,03/06/16,ΕΤΑ,Πληρωμές ΕΤΑ 2007-2013,Μ221 – Υδατοκαλλιέργεια,167332.27,2
417,03/06/16,ΕΤΑ,Πληρωμές ΕΤΑ 2007-2013,Μ441 – Αειφόρος ανάπτυξη αλιευτικών περιοχών,45994.91,1
418,06/06/16,ΕΓΤΕ,Μέτρα Αγοράς,Έκτακτα μέτρα στήριξης στα οπωροκηπευτικά,15863.74,1
419,06/06/16,ΕΓΤΕ,Μέτρα Αγοράς,Μεταφορικά νησιών Αιγαίου,11760.69,6
420,07/06/16,ΕΓΤΕ,Μέτρα Αγοράς,Μεταφορικά νησιών Αιγαίου,16137.44,6
421,07/06/16,ΕΓΤΕ,Μέτρα Αγοράς,Προώθηση Προϊόντων – Εντός Ένωσης,17941.02,1
422,07/06/16,ΕΓΤΕ,Μέτρα Αγοράς,Προώθηση Προϊόντων – Εσωτερική Αγορά,44852.57,1
423,07/06/16,ΕΓΤΕ,Μέτρα Αγοράς,Προώθηση Προϊόντων – Τρίτες Χώρες,276280.72,2
424,08/06/16,ΕΓΤΕ,Μέτρα Αγοράς,Μεταφορικά νησιών Αιγαίου,13611.52,4
425,08/06/16,ΕΓΤΕ,Μέτρα Αγοράς,Πρόγραμμα Δραστηριότητας Οργανώσεων Ελαιουργικών Φορέων,12174.42,1
426,09/06/16,ΕΓΤΕ,Μέτρα Αγοράς,Μεταφορικά νησιών Αιγαίου,1792,1
427,09/06/16,ΕΓΤΕ,Μέτρα Αγοράς,Προώθηση Προϊόντων – Τρίτες Χώρες,351.42,1
428,09/06/16,ΕΤΑ,Πληρωμές ΕΤΑ 2007-2013,Μ223 – Επενδύσεις στον τομέα της μεταποίησης και εμπορίας,816200.14,1
429,10/06/16,ΕΓΤΕ,Μέτρα Αγοράς,Αναδιάρθρωση αμπελώνων,12060,3
430,10/06/16,ΕΓΤΕ,Μέτρα Αγοράς,Έκτακτα μέτρα στήριξης στα οπωροκηπευτικά,164897.63,1
431,10/06/16,ΕΓΤΕ,Μέτρα Αγοράς,Μεταφορικά νησιών Αιγαίου,6863.04,5
432,10/06/16,ΕΤΑ,Πληρωμές ΕΤΑ 2007-2013,Μ221 – Υδατοκαλλιέργεια,208628.17,1
433,10/06/16,ΕΤΑ,Πληρωμές ΕΤΑ 2007-2013,Μ223 – Επενδύσεις στον τομέα της μεταποίησης και εμπορίας,1752207.6,2
434,13/06/16,ΕΓΤΕ,Μέτρα Αγοράς,Μεταφορικά νησιών Αιγαίου,24785.44,7
435,13/06/16,ΕΓΤΕ,Μέτρα Αγοράς,Προώθηση Προϊόντων – Εσωτερική Αγορά,146403.5,1
436,13/06/16,ΕΤΑ,Πληρωμές ΕΤΑ 2007-2013,Μ223 – Επενδύσεις στον τομέα της μεταποίησης και εμπορίας,832313.91,2
437,13/06/16,ΕΤΑ,Πληρωμές ΕΤΑ 2007-2013,Μ441 – Αειφόρος ανάπτυξη αλιευτικών περιοχών,144667.93,1
438,14/06/16,ΕΓΤΕ,Μέτρα Αγοράς,Βελτίωση στην παραγωγή και εμπορία μελιού,47662.75,2
439,14/06/16,ΕΓΤΕ,Μέτρα Αγοράς,Μεταφορικά νησιών Αιγαίου,9524.29,124
440,14/06/16,ΕΓΤΕ,Μέτρα Αγοράς,Νησιά Αιγαίου (Μελισσοκομία),123621.82,7
441,15/06/16,ΕΓΤΕ,Μέτρα Αγοράς,Μεταφορικά νησιών Αιγαίου,33593.44,3
442,16/06/16,ΕΓΤΕ,Μέτρα Αγοράς,Μεταφορικά νησιών Αιγαίου,19652.48,4
443,16/06/16,ΕΓΤΕ,Μέτρα Αγοράς,Προώθηση Οίνων – Τρίτες Χώρες,103401.73,1
444,16/06/16,ΕΓΤΕ,Μέτρα Αγοράς,Προώθηση Προϊόντων – Εντός Ένωσης,50357.12,1
445,16/06/16,ΕΓΤΕ,Μέτρα Αγοράς,Προώθηση Προϊόντων – Εσωτερική Αγορά,125892.81,1
446,16/06/16,ΕΓΤΑΑ,Μέτρα Άξονα 1 - ΕΓΤΑΑ,Πρόωρη Συνταξιοδότηση Καν. 2079/92,92.89,2
447,16/06/16,ΕΓΤΑΑ,Μέτρα Άξονα 1 - ΕΓΤΑΑ,Πρόωρη Συνταξιοδότηση Καν. 1257/99,5657207.07,29826
448,16/06/16,ΕΤΑ,Πληρωμές ΕΤΑ 2007-2013,Μ221 – Υδατοκαλλιέργεια,104327.01,1
449,16/06/16,ΕΤΑ,Πληρωμές ΕΤΑ 2007-2013,Μ335 – Πιλοτικά σχέδια,87851.75,1
450,17/06/16,ΕΓΤΕ,Μέτρα Αγοράς,Βελτίωση στην παραγωγή και εμπορία μελιού,68185.14,1
451,17/06/16,ΕΓΤΕ,Μέτρα Αγοράς,Μεταφορικά νησιών Αιγαίου,82060.32,10
452,17/06/16,ΕΤΑ,Πληρωμές ΕΤΑ 2007-2013,Μ221 – Υδατοκαλλιέργεια,95744.23,1
453,17/06/16,ΕΤΑ,Πληρωμές ΕΤΑ 2007-2013,Μ223 – Επενδύσεις στον τομέα της μεταποίησης και εμπορίας,758443.68,1
454,21/06/16,ΕΓΤΕ,Μέτρα Αγοράς,Αναδιάρθρωση αμπελώνων,207938.2,25
455,21/06/16,ΕΓΤΕ,Μέτρα Αγοράς,Βελτίωση στην παραγωγή και εμπορία μελιού,48813.61,1
456,21/06/16,ΕΓΤΕ,Μέτρα Αγοράς,Μεταφορικά νησιών Αιγαίου,5876.32,6
457,22/06/16,ΕΓΤΕ,Μέτρα Αγοράς,Βελτίωση στην παραγωγή και εμπορία μελιού,21860.95,1
458,22/06/16,ΕΓΤΕ,Μέτρα Αγοράς,Έκτακτα μέτρα στήριξης στα οπωροκηπευτικά,95448.26,1
459,22/06/16,ΕΓΤΕ,Μέτρα Αγοράς,Μεταφορικά νησιών Αιγαίου,7224.96,4
460,22/06/16,ΕΤΑ,Πληρωμές ΕΤΑ 2007-2013,Μ335 – Πιλοτικά σχέδια,101640.44,1
461,23/06/16,ΕΓΤΕ,Μέτρα Αγοράς,Μεταφορικά νησιών Αιγαίου,104434.08,11
462,24/06/16,ΕΓΤΕ,Μέτρα Αγοράς,Μεταφορικά νησιών Αιγαίου,61225.99,8
463,24/06/16,ΕΓΤΕ,Μέτρα Αγοράς,Νησιά Αιγαίου (Μελισσοκομία),73049.78,192
464,27/06/16,ΕΓΤΕ,Μέτρα Αγοράς,Μεταφορικά νησιών Αιγαίου,33489.44,10
465,28/06/16,ΕΓΤΕ,Μέτρα Αγοράς,Αναδιάρθρωση αμπελώνων,15977,5
466,28/06/16,ΕΓΤΕ,Μέτρα Αγοράς,Βελτίωση στην παραγωγή και εμπορία μελιού,50827.76,1
467,28/06/16,ΕΓΤΕ,Μέτρα Αγοράς,Μεταφορικά νησιών Αιγαίου,503.1,3
468,29/06/16,ΕΓΤΕ,Άμεσες Ενισχύσεις,Ενίσχυση για τη διατήρηση της καλλιέργειας αμπέλων 2015,1013092.01,1982
469,29/06/16,ΕΓΤΕ,Άμεσες Ενισχύσεις,Ενίσχυση για την καλλιέργεια δαμασκήνων Σκοπέλου 2015,9563.37,21
470,29/06/16,ΕΓΤΕ,Άμεσες Ενισχύσεις,Ενίσχυση για την καλλιέργεια εαρινής πατάτας 2015,241462.81,577
471,29/06/16,ΕΓΤΕ,Άμεσες Ενισχύσεις,Ενίσχυση για την καλλιέργεια καλοκαιρινής πατάτας 2015,870.91,4
472,29/06/16,ΕΓΤΕ,Άμεσες Ενισχύσεις,Ενίσχυση για την καλλιέργεια μαστίχας Χίου 2015,1133335.36,1424
473,29/06/16,ΕΓΤΕ,Άμεσες Ενισχύσεις,Ενίσχυση για την καλλιέργεια φάβας Σαντορίνης 2015,33083.05,172
474,29/06/16,ΕΓΤΕ,Άμεσες Ενισχύσεις,Ενίσχυση για την καλλιέργεια φασολιού 2015,52288.83,119
475,29/06/16,ΕΓΤΕ,Άμεσες Ενισχύσεις,Ενίσχυση για την καλλιέργεια φθινοπωρινής πατάτας 2015,150672.27,364
476,29/06/16,ΕΓΤΕ,Άμεσες Ενισχύσεις,Συνδεδεμένη ενίσχυση για την εκτροφή μεταξοσκωλήκων 2015,636776.54,64
477,29/06/16,ΕΓΤΕ,Άμεσες Ενισχύσεις,Συνδεδεμένη ενίσχυση για την καλλιέργεια βιομηχανικής τομάτας 2015,2480847.43,871
478,29/06/16,ΕΓΤΕ,Άμεσες Ενισχύσεις,Συνδεδεμένη ενίσχυση για την παράδοση πορτοκαλιών προς χυμοποίηση 2015,1048651.05,2458
479,29/06/16,ΕΓΤΕ,Άμεσες Ενισχύσεις,Συνδεδεμένη ενίσχυση για την παράδοση ροδακίνων προς χυμοποίηση 2015,93225.01,382
480,29/06/16,ΕΓΤΕ,Μέτρα Αγοράς,Μεταφορικά νησιών Αιγαίου,3912.05,3
481,29/06/16,ΕΤΑ,Πληρωμές ΕΤΑ 2007-2013,Μ335 – Πιλοτικά σχέδια,126212.58,3
482,30/06/16,ΕΓΤΕ,Άμεσες Ενισχύσεις,Έκτακτη ενίσχυση κτηνοτρόφων (οζώδης) 2015,2193039.39,3751
483,30/06/16,ΕΓΤΕ,Άμεσες Ενισχύσεις,Ενίσχυση για την παραγωγή αγελαδινού γάλακτος με προορισμό την παραγωγή τυριού 2015,833798.04,355
484,30/06/16,ΕΓΤΕ,Άμεσες Ενισχύσεις,Ενίσχυση για την παραγωγή αίγειου γάλακτος με προορισμό την παραγωγή τυριού 2015,192094.88,736
485,30/06/16,ΕΓΤΕ,Άμεσες Ενισχύσεις,Ενίσχυση για την παραγωγή πρόβειου γάλακτος με προορισμό την παραγωγή τυριού 2015,2338748.68,2323
486,30/06/16,ΕΓΤΕ,Άμεσες Ενισχύσεις,Συνδεδεμένη ενίσχυση για την καλλιέργεια ρυζιού 2015,7810639.07,4347
487,30/06/16,ΕΓΤΕ,Μέτρα Αγοράς,Βελτίωση στην παραγωγή και εμπορία μελιού,32601.16,1
488,30/06/16,ΕΓΤΕ,Μέτρα Αγοράς,Μεταφορικά νησιών Αιγαίου,10610.4,5
489,30/06/16,ΕΓΤΕ,Μέτρα Αγοράς,Νησιά Αιγαίου (Μελισσοκομία),53078.39,114
490,30/06/16,ΕΓΤΑΑ,Μέτρα Άξονα 1 - ΕΓΤΑΑ,Μέτρο 4.1.1 - ΠΑΑ 2014-2020 Ανειλημμένες υποχρεώσεις Μέτρου 121,41029.04,2
491,30/06/16,ΕΤΑ,Πληρωμές ΕΤΑ 2007-2013,Μ334 – Ανάπτυξη νέων αγορών και εκστρατείες προώθησης,4758.33,1
492,30/06/16,ΕΤΑ,Πληρωμές ΕΤΑ 2007-2013,Μ335 – Πιλοτικά σχέδια,213111.4,2
493,01/07/16,ΕΓΤΕ,Μέτρα Αγοράς,Έκτακτα μέτρα στήριξης στα οπωροκηπευτικά,82662.34,1
494,01/07/16,ΕΓΤΕ,Μέτρα Αγοράς,Μεταφορικά νησιών Αιγαίου,10912.08,6
495,01/07/16,Λοιπές Πληρωμές ΕΛΕΓΕΠ,Λοιπές Πληρωμές,Παροχή Υπηρεσιών,35550.42,1
496,04/07/16,ΕΓΤΕ,Μέτρα Αγοράς,Έκτακτα μέτρα στήριξης στα οπωροκηπευτικά,173107.66,1
497,04/07/16,ΕΓΤΕ,Μέτρα Αγοράς,Μεταφορικά νησιών Αιγαίου,62456.15,7
498,04/07/16,ΕΓΤΕ,Μέτρα Αγοράς,Πρόγραμμα Δραστηριότητας Οργανώσεων Ελαιουργικών Φορέων,12115.77,1
499,04/07/16,ΕΓΤΕ,Μέτρα Αγοράς,Προώθηση Οίνων – Τρίτες Χώρες,75159.51,1
500,05/07/16,ΕΓΤΕ,Μέτρα Αγοράς,Μεταφορικά νησιών Αιγαίου,11163.8,7
501,05/07/16,ΕΓΤΕ,Πληρωμές ΕΤΑ 2007-2013,Μ441 – Αειφόρος ανάπτυξη αλιευτικών περιοχών,273951.99,1
502,06/07/16,ΕΤΑ,Μέτρα Αγοράς,Έκτακτα μέτρα στήριξης στα οπωροκηπευτικά,512132.92,2
503,06/07/16,ΕΓΤΕ,Μέτρα Αγοράς,Επιχειρησιακό Πρόγραμμα Φρούτων,21101.25,1
504,06/07/16,ΕΓΤΕ,Μέτρα Αγοράς,Μεταφορικά νησιών Αιγαίου,10419.2,3
505,06/07/16,ΕΓΤΕ,Πληρωμές ΕΤΑ 2007-2013,Μ335 – Πιλοτικά σχέδια,135886.13,2
506,06/07/16,ΕΤΑ,Πληρωμές ΕΤΑ 2007-2013,Πρόωρη Συνταξιοδότηση Αλιέων - block account,47376,33
507,06/07/16,ΕΤΑ,Πληρωμές ΕΤΑ 2007-2013,Πρόωρη Συνταξιοδότηση Αλιέων - ΠΔΕ,93186,66
508,07/07/16,ΕΤΑ,Μέτρα Αγοράς,Βελτίωση στην παραγωγή και εμπορία μελιού,67684.32,3
509,07/07/16,ΕΓΤΕ,Μέτρα Αγοράς,Έκτακτα μέτρα στήριξης στα οπωροκηπευτικά,361543.69,1
510,07/07/16,ΕΓΤΕ,Μέτρα Αγοράς,Μεταφορικά νησιών Αιγαίου,56995.65,8
511,08/07/16,ΕΓΤΕ,Μέτρα Αγοράς,Μεταφορικά νησιών Αιγαίου,42552.32,10
512,08/07/16,ΕΓΤΕ,Μέτρα Αγοράς,Πρόγραμμα Δραστηριότητας Οργανώσεων Ελαιουργικών Φορέων,70138.04,1
513,08/07/16,ΕΓΤΕ,Μέτρα Αγοράς,Προώθηση Προϊόντων – Εντός Ένωσης,100017.12,1
514,08/07/16,ΕΓΤΕ,Μέτρα Αγοράς,Προώθηση Προϊόντων – Εσωτερική Αγορά,250042.8,1
515,08/07/16,ΕΓΤΕ,Μέτρα Αγοράς,Προώθηση Προϊόντων – Τρίτες Χώρες,395948.7,1
516,08/07/16,ΕΤΑ,Πληρωμές ΕΤΑ 2007-2013,Μ335 – Πιλοτικά σχέδια,18884.05,1
517,11/07/16,ΕΓΤΕ,Μέτρα Αγοράς,Έκτακτα μέτρα στήριξης στα οπωροκηπευτικά,902843.76,3
518,11/07/16,ΕΓΤΕ,Μέτρα Αγοράς,Μεταφορικά νησιών Αιγαίου,72586.03,12
519,12/07/16,ΕΓΤΕ,Μέτρα Αγοράς,Αναδιάρθρωση αμπελώνων,25194,7
520,12/07/16,ΕΓΤΕ,Μέτρα Αγοράς,Έκτακτα μέτρα στήριξης στα οπωροκηπευτικά,111953.52,1
521,12/07/16,ΕΓΤΕ,Μέτρα Αγοράς,Επιχειρησιακό Πρόγραμμα Φρούτων,47524.68,1
522,12/07/16,ΕΓΤΕ,Μέτρα Αγοράς,Μεταφορικά νησιών Αιγαίου,8448.64,1
523,12/07/16,ΕΓΤΕ,Μέτρα Αγοράς,Προώθηση Προϊόντων – Εσωτερική Αγορά,337181.56,1
524,13/07/16,ΕΓΤΕ,Μέτρα Αγοράς,Αναδιάρθρωση αμπελώνων,270445.3,37
525,13/07/16,ΕΓΤΕ,Μέτρα Αγοράς,Επιχειρησιακό Πρόγραμμα Φρούτων,17199.38,1
526,13/07/16,ΕΓΤΕ,Μέτρα Αγοράς,Μεταφορικά νησιών Αιγαίου,11960.9,5
527,13/07/16,ΕΓΤΑΑ,Μέτρα Άξονα 1 - ΕΓΤΑΑ,Μέτρο 4.1.1 - ΠΑΑ 2014-2020 Ανειλημμένες υποχρεώσεις Μέτρου 121,853299.39,49
528,14/07/16,ΕΓΤΕ,Μέτρα Αγοράς,Μεταφορικά νησιών Αιγαίου,2579.2,6
529,14/07/16,ΕΓΤΕ,Μέτρα Αγοράς,Πρόγραμμα Δραστηριότητας Οργανώσεων Ελαιουργικών Φορέων,15909.58,1
530,14/07/16,ΕΤΑ,Πληρωμές ΕΤΑ 2007-2013,ΠΔΕ - Επιχειρησιακό Πρόγραμμα Αλιείας,109229.17,1
531,15/07/16,ΕΓΤΕ,Μέτρα Αγοράς,Έκτακτα μέτρα στήριξης στα οπωροκηπευτικά,151370.55,1
532,15/07/16,ΕΓΤΕ,Μέτρα Αγοράς,Μεταφορικά νησιών Αιγαίου,59768.48,13
533,15/07/16,ΕΓΤΕ,Μέτρα Αγοράς,Προώθηση Προϊόντων – Τρίτες Χώρες,96700.65,1
534,15/07/16,ΕΓΤΑΑ,Μέτρα Άξονα 1 - ΕΓΤΑΑ,Μέτρο 4.1.1 - ΠΑΑ 2014-2020 Ανειλημμένες υποχρεώσεις Μέτρου 121,149437.43,9
535,18/07/16,ΕΓΤΕ,Μέτρα Αγοράς,Μεταφορικά νησιών Αιγαίου,10457.6,6
536,19/07/16,ΕΓΤΕ,Μέτρα Αγοράς,Έκτακτα μέτρα στήριξης στα οπωροκηπευτικά,247641.58,2
537,19/07/16,ΕΓΤΕ,Μέτρα Αγοράς,Μεταφορικά νησιών Αιγαίου,4989.76,5
538,19/07/16,ΕΓΤΑΑ,Μέτρα Άξονα 1 - ΕΓΤΑΑ,Μέτρο 123Α - Ανειλημμένες υποχρεώσεις,178584.5,1
539,19/07/16,ΕΤΑ,Πληρωμές ΕΤΑ 2007-2013,Μ441 – Αειφόρος ανάπτυξη αλιευτικών περιοχών,193871.47,1
540,20/07/16,ΕΓΤΕ,Μέτρα Αγοράς,Επιχειρησιακό Πρόγραμμα Φρούτων,226500.1,1
541,20/07/16,ΕΓΤΕ,Μέτρα Αγοράς,Μεταφορικά νησιών Αιγαίου,15058.72,8
542,20/07/16,ΕΓΤΕ,Μέτρα Αγοράς,Πρόγραμμα Δραστηριότητας Οργανώσεων Ελαιουργικών Φορέων,39975.5,2
543,20/07/16,ΕΓΤΑΑ,Μέτρα Άξονα 1 - ΕΓΤΑΑ,Μέτρο 123Α - Ανειλημμένες υποχρεώσεις,223482.13,3
544,20/07/16,ΕΤΑ,Πληρωμές ΕΤΑ 2007-2013,Μ335 – Πιλοτικά σχέδια,89158.69,1
545,20/07/16,ΕΤΑ,Πληρωμές ΕΤΑ 2007-2013,Μ441 – Αειφόρος ανάπτυξη αλιευτικών περιοχών,329583.32,1
546,21/07/16,ΕΓΤΕ,Μέτρα Αγοράς,Δωρεάν διανομή γάλακτος,13840.76,1
547,21/07/16,ΕΓΤΕ,Μέτρα Αγοράς,Έκτακτα μέτρα στήριξης στα οπωροκηπευτικά,207238.79,3
548,21/07/16,ΕΓΤΕ,Μέτρα Αγοράς,Μεταφορικά νησιών Αιγαίου,4343.04,6
549,21/07/16,ΕΓΤΑΑ,Μέτρα Άξονα 1 - ΕΓΤΑΑ,Μέτρο 123Α - Ανειλημμένες υποχρεώσεις,417233.89,2
550,21/07/16,ΕΓΤΑΑ,Μέτρα Άξονα 1 - ΕΓΤΑΑ,Πρόωρη Συνταξιοδότηση Καν. 1257/99,5656390.48,29299
551,21/07/16,ΕΤΑ,Πληρωμές ΕΤΑ 2007-2013,Μ441 – Αειφόρος ανάπτυξη αλιευτικών περιοχών,35906.53,1
552,22/07/16,ΕΓΤΕ,Μέτρα Αγοράς,Αναδιάρθρωση αμπελώνων,1339255.8,182
553,22/07/16,ΕΓΤΕ,Μέτρα Αγοράς,Έκτακτα μέτρα στήριξης στα οπωροκηπευτικά,192816.7,2
554,22/07/16,ΕΓΤΕ,Μέτρα Αγοράς,Μεταφορικά νησιών Αιγαίου,25128.81,9
555,22/07/16,ΕΓΤΕ,Μέτρα Αγοράς,Πρόγραμμα Δραστηριότητας Οργανώσεων Ελαιουργικών Φορέων,337862.71,5
556,22/07/16,ΕΓΤΑΑ,Μέτρα Άξονα 1 - ΕΓΤΑΑ,Μέτρο 123Α - Ανειλημμένες υποχρεώσεις,168750,1
557,22/07/16,ΕΓΤΑΑ,Μέτρα Άξονα 1 - ΕΓΤΑΑ,Μέτρο 4.1.1 - ΠΑΑ 2014-2020 Ανειλημμένες υποχρεώσεις Μέτρου 121,52055.89,3
558,22/07/16,ΕΤΑ,Πληρωμές ΕΤΑ 2007-2013,Μ221 – Υδατοκαλλιέργεια,7596.3,3
559,25/07/16,ΕΓΤΕ,Άμεσες Ενισχύσεις,Καθεστώς Βασικής Ενίσχυσης 2015,11373239.58,20167
560,25/07/16,ΕΓΤΕ,Άμεσες Ενισχύσεις,Νέοι Γεωργοί 2015,551556.6,2931
561,25/07/16,ΕΓΤΕ,Άμεσες Ενισχύσεις,Πράσινη Ενίσχυση 2015,11890079.9,18227
562,25/07/16,ΕΓΤΕ,Άμεσες Ενισχύσεις,Συνδεδεμένη ενίσχυση αιγοπροβατοτρόφων (Μέτρο 2) βάσει Καν. 1307/2013 2015,342161.61,71
563,25/07/16,ΕΓΤΕ,Άμεσες Ενισχύσεις,Συνδεδεμένη ενίσχυση βοοτρόφων (Μέτρο 2) βάσει Καν. 1307/2013 2015,866561.75,64
564,25/07/16,ΕΓΤΕ,Άμεσες Ενισχύσεις,Συνδεδεμένη ενίσχυση για την καλλιέργεια σπόρων προς σπορά 2015,1931808.04,674
565,25/07/16,ΕΓΤΕ,Άμεσες Ενισχύσεις,Συνδεδεμένη ενίσχυση στον τομέα του βόειου κρέατος 2015,23111416.27,5611
566,25/07/16,ΕΓΤΕ,Άμεσες Ενισχύσεις,Συνδεδεμένη ενίσχυση στον τομέα του πρόβειου και αίγειου κρέατος σε ορεινές και μειονεκτικές περιοχές 2015,20635848.22,19062
567,25/07/16,ΕΓΤΕ,Άμεσες Ενισχύσεις,Συνδεδεμένη ενίσχυση στον τομέα του πρόβειου και αίγειου κρέατος σε πεδινές περιοχές 2015,1985197.57,2441
568,25/07/16,ΕΓΤΕ,Μέτρα Αγοράς,Αναδιάρθρωση αμπελώνων,88510,10
569,25/07/16,ΕΓΤΕ,Μέτρα Αγοράς,Ιδιωτική αποθεματοποίησης τυριών,4585.12,1
570,25/07/16,ΕΓΤΕ,Μέτρα Αγοράς,Μεταφορικά νησιών Αιγαίου,33720.88,7
571,25/07/16,ΕΓΤΑΑ,Μέτρα Άξονα 1 - ΕΓΤΑΑ,Ανειλημμένες υποχρεώσεις Μέτρου 123Α,8612.5,1
572,25/07/16,ΕΓΤΑΑ,Μέτρα Άξονα 1 - ΕΓΤΑΑ,Μέτρο 121 - Ανειλημμένες υποχρεώσεις,650696.95,29
573,25/07/16,ΕΓΤΑΑ,Μέτρα Άξονα 3 - ΕΓΤΑΑ,"Μέτρα 313, 312, 311 - Ανειλημμένες υποχρεώσεις",154108.14,2
574,25/07/16,ΕΤΑ,Πληρωμές ΕΤΑ 2007-2013,Μ221 – Υδατοκαλλιέργεια,7867.2,2
575,26/07/16,ΕΓΤΕ,Άμεσες Ενισχύσεις,Διεπαγγελματική Βάμβακος 2015,485385.86,47712
576,26/07/16,ΕΓΤΕ,Άμεσες Ενισχύσεις,Ειδική ενίσχυση για την καλλιέργεια βαμβακιού 2015,3870444.21,2134
577,26/07/16,ΕΓΤΕ,Άμεσες Ενισχύσεις,Συνδεδεμένη ενίσχυση για την καλλιέργεια βιομηχανικής τομάτας 2015,21073.01,9
578,26/07/16,ΕΓΤΕ,Άμεσες Ενισχύσεις,Συνδεδεμένη ενίσχυση για την καλλιέργεια βρώσιμων οσπρίων 2015,35931.98,131
579,26/07/16,ΕΓΤΕ,Άμεσες Ενισχύσεις,Συνδεδεμένη ενίσχυση για την καλλιέργεια ζαχαροτεύτλων 2015,38214.3,47
580,26/07/16,ΕΓΤΕ,Άμεσες Ενισχύσεις,Συνδεδεμένη ενίσχυση για την καλλιέργεια πρωτεινούχων κτηνοτροφικών ψυχανθών 2015,14508.76,59
581,26/07/16,ΕΓΤΕ,Άμεσες Ενισχύσεις,Συνδεδεμένη ενίσχυση για την καλλιέργεια ρυζιού 2015,31104.99,31
582,26/07/16,ΕΓΤΕ,Άμεσες Ενισχύσεις,Συνδεδεμένη ενίσχυση για την καλλιέργεια σκληρού σίτου 2015,44702.15,400
583,26/07/16,ΕΓΤΕ,Άμεσες Ενισχύσεις,Συνδεδεμένη ενίσχυση για την καλλιέργεια σπαραγγιών 2015,7731.66,11
584,26/07/16,ΕΓΤΕ,Άμεσες Ενισχύσεις,Συνδεδεμένη ενίσχυση για την παράδοση πορτοκαλιών προς χυμοποίηση 2015,41710.56,95
585,26/07/16,ΕΓΤΕ,Άμεσες Ενισχύσεις,Συνδεδεμένη ενίσχυση για την παράδοση ροδακίνων προς χυμοποίηση 2015,1044.29,6
586,26/07/16,ΕΓΤΕ,Μέτρα Αγοράς,Μεταφορικά νησιών Αιγαίου,11776,4
587,26/07/16,ΕΓΤΕ,Μέτρα Αγοράς,Πρόγραμμα Δραστηριότητας Οργανώσεων Ελαιουργικών Φορέων,39988.88,1
588,26/07/16,ΕΓΤΑΑ,Μέτρα Άξονα 1 - ΕΓΤΑΑ,Μέτρο 123Α - Ανειλημμένες υποχρεώσεις,1386085.97,5
589,26/07/16,ΕΓΤΑΑ,Μέτρα Άξονα 1 - ΕΓΤΑΑ,Μέτρο 121 - Ανειλημμένες υποχρεώσεις,1046297.48,50
590,27/07/16,ΕΓΤΕ,Άμεσες Ενισχύσεις,Ενίσχυση για τη διατήρηση της καλλιέργειας αμπέλων 2015,68819.35,160
591,27/07/16,ΕΓΤΕ,Άμεσες Ενισχύσεις,Ενίσχυση για τη διατήρηση παραδοσιακών ελαιώνων 2015,223029.92,1016
592,27/07/16,ΕΓΤΕ,Άμεσες Ενισχύσεις,Ενίσχυση για την καλλιέργεια εαρινής πατάτας 2015,2044.95,2
593,27/07/16,ΕΓΤΕ,Άμεσες Ενισχύσεις,Ενίσχυση για την καλλιέργεια εσπεριδοειδών στη νήσο Χίο 2015,887.46,1
594,27/07/16,ΕΓΤΕ,Άμεσες Ενισχύσεις,Ενίσχυση για την καλλιέργεια κριθαριού Λήμνου 2015,5708.22,19
595,27/07/16,ΕΓΤΕ,Άμεσες Ενισχύσεις,Ενίσχυση για την καλλιέργεια μαστίχας Χίου 2015,9840.39,10
596,27/07/16,ΕΓΤΕ,Άμεσες Ενισχύσεις,Ενίσχυση για την καλλιέργεια τοματακιού Σαντορίνης 2015,630,2
597,27/07/16,ΕΓΤΕ,Άμεσες Ενισχύσεις,Ενίσχυση για την καλλιέργεια φάβας Σαντορίνης 2015,222.05,2
598,27/07/16,ΕΓΤΕ,Άμεσες Ενισχύσεις,Ενίσχυση για την παραγωγή πρόβειου γάλακτος με προορισμό την παραγωγή τυριού 2015,3585.5,3
599,27/07/16,ΕΓΤΕ,Μέτρα Αγοράς,Μεταφορικά νησιών Αιγαίου,18319.36,9
600,27/07/16,ΕΓΤΕ,Μέτρα Αγοράς,Προώθηση Προϊόντων – Τρίτες Χώρες,325008.36,1
601,27/07/16,ΕΓΤΑΑ,Μέτρα Άξονα 1 - ΕΓΤΑΑ,Μέτρο 123Α - Ανειλημμένες υποχρεώσεις,416144.89,4
602,27/07/16,ΕΓΤΑΑ,Μέτρα Άξονα 1 - ΕΓΤΑΑ,Μέτρο 121 - Ανειλημμένες υποχρεώσεις,1814705.15,59
603,28/07/16,ΕΓΤΕ,Μέτρα Αγοράς,Μεταφορικά νησιών Αιγαίου,5132,3
604,28/07/16,ΕΓΤΕ,Μέτρα Αγοράς,Πρόγραμμα Δραστηριότητας Οργανώσεων Ελαιουργικών Φορέων,54681.8,2
605,28/07/16,ΕΓΤΕ,Μέτρα Αγοράς,Προώθηση Προϊόντων – Εντός Ένωσης,68354.13,1
606,28/07/16,ΕΓΤΕ,Μέτρα Αγοράς,Προώθηση Προϊόντων – Εσωτερική Αγορά,185410.58,1
607,28/07/16,ΕΓΤΕ,Μέτρα Αγοράς,Προώθηση Προϊόντων – Τρίτες Χώρες,534572.02,1
608,28/07/16,ΕΓΤΑΑ,Μέτρα Άξονα 1 - ΕΓΤΑΑ,Μέτρο 121 - Ανειλημμένες υποχρεώσεις,2266365.65,90
609,28/07/16,ΕΓΤΑΑ,Μέτρα Άξονα 3 - ΕΓΤΑΑ,"Μέτρα 313, 312, 311 - Ανειλημμένες υποχρεώσεις",60089.32,1
610,28/07/16,Λοιπές Πληρωμές ΕΛΕΓΕΠ,Λοιπές Πληρωμές,Παροχή Υπηρεσιών,5972500.08,1
611,29/07/16,ΕΓΤΕ,Μέτρα Αγοράς,Μεταφορικά νησιών Αιγαίου,13203.2,2
612,29/07/16,ΕΓΤΕ,Μέτρα Αγοράς,Πρόγραμμα Δραστηριότητας Οργανώσεων Ελαιουργικών Φορέων,35246.37,2
613,29/07/16,ΕΓΤΑΑ,Μέτρα Άξονα 1 - ΕΓΤΑΑ,Μέτρο 123Α - Ανειλημμένες υποχρεώσεις,1775780.5,1
614,29/07/16,ΕΓΤΑΑ,Μέτρα Άξονα 1 - ΕΓΤΑΑ,Μέτρο 121 - Ανειλημμένες υποχρεώσεις,3639532.18,130
615,29/07/16,ΕΓΤΑΑ,Μέτρα Άξονα 3 - ΕΓΤΑΑ,"Μέτρα 313, 312, 311 - Ανειλημμένες υποχρεώσεις",486099.49,8
616,01/08/16,ΕΓΤΕ,Μέτρα Αγοράς,Μεταφορικά νησιών Αιγαίου,3911.68,6
617,01/08/16,ΕΓΤΑΑ,Μέτρα Άξονα 1 - ΕΓΤΑΑ,Μέτρο 123Α - Ανειλημμένες υποχρεώσεις,575132.76,2
618,01/08/16,ΕΤΑ,Πληρωμές ΕΤΑ 2007-2013,Μ441 – Αειφόρος ανάπτυξη αλιευτικών περιοχών,17691.57,1
619,02/08/16,ΕΓΤΕ,Μέτρα Αγοράς,Μεταφορικά νησιών Αιγαίου,20320.8,3
620,02/08/16,ΕΓΤΕ,Μέτρα Αγοράς,Πρόγραμμα Δραστηριότητας Οργανώσεων Ελαιουργικών Φορέων,83007.47,1
621,02/08/16,ΕΓΤΑΑ,Μέτρα Άξονα 1 - ΕΓΤΑΑ,Μέτρο 123Α - Ανειλημμένες υποχρεώσεις,119959.62,2
622,03/08/16,ΕΓΤΕ,Μέτρα Αγοράς,Αναδιάρθρωση αμπελώνων,443544.9,100
623,03/08/16,ΕΓΤΕ,Μέτρα Αγοράς,Πρόγραμμα Δραστηριότητας Οργανώσεων Ελαιουργικών Φορέων,23403.83,2
624,03/08/16,ΕΓΤΑΑ,Μέτρα Άξονα 1 - ΕΓΤΑΑ,Μέτρο 123Α - Ανειλημμένες υποχρεώσεις,73660.42,1
625,04/08/16,ΕΓΤΕ,Μέτρα Αγοράς,Αναδιάρθρωση αμπελώνων,90009.3,19
626,04/08/16,ΕΓΤΕ,Μέτρα Αγοράς,Ιδιωτική αποθεματοποίησης τυριών,10044.06,1
627,04/08/16,ΕΓΤΕ,Μέτρα Αγοράς,Μεταφορικά νησιών Αιγαίου,14793.72,14
628,04/08/16,ΕΓΤΑΑ,Μέτρα Άξονα 1 - ΕΓΤΑΑ,Μέτρο 123Α - Ανειλημμένες υποχρεώσεις,983056.3,4
629,04/08/16,ΕΓΤΑΑ,Μέτρα Άξονα 1 - ΕΓΤΑΑ,Μέτρο 121 - Ανειλημμένες υποχρεώσεις,3787.19,1
630,04/08/16,ΕΓΤΑΑ,Μέτρα Άξονα 3 - ΕΓΤΑΑ,"Μέτρα 313, 312, 311 - Ανειλημμένες υποχρεώσεις",1363.38,1
631,05/08/16,ΕΓΤΕ,Μέτρα Αγοράς,Έκτακτα μέτρα στήριξης στα οπωροκηπευτικά,305332.99,1
632,05/08/16,ΕΓΤΕ,Μέτρα Αγοράς,Μεταφορικά νησιών Αιγαίου,24988.16,5
633,05/08/16,ΕΓΤΕ,Μέτρα Αγοράς,Πρόγραμμα Δραστηριότητας Οργανώσεων Ελαιουργικών Φορέων,9514.08,1
634,05/08/16,ΕΓΤΑΑ,Μέτρα Άξονα 1 - ΕΓΤΑΑ,Μέτρο 123Α - Ανειλημμένες υποχρεώσεις,471818.1,1
635,05/08/16,ΕΓΤΑΑ,Μέτρα Άξονα 3 - ΕΓΤΑΑ,"Μέτρα 313, 312, 311 - Ανειλημμένες υποχρεώσεις",267514.4,6
636,05/08/16,ΕΤΑ,Πληρωμές ΕΤΑ 2007-2013,Μ441 – Αειφόρος ανάπτυξη αλιευτικών περιοχών,175583.54,2
637,08/08/16,ΕΓΤΕ,Μέτρα Αγοράς,Βελτίωση στην παραγωγή και εμπορία μελιού,10928.87,1
638,08/08/16,ΕΓΤΕ,Μέτρα Αγοράς,Μπεταφ,14481.58,12
639,08/08/16,ΕΓΤΑΑ,Μέτρα Άξονα 1 - ΕΓΤΑΑ,Μέτρο 123Α - Ανειλημμένες υποχρεώσεις,13116.87,1
640,08/08/16,ΕΤΑ,Πληρωμές ΕΤΑ 2007-2013,Μ331 – Συλλογικές δράσεις,266266.73,3
641,09/08/16,ΕΓΤΕ,Μέτρα Αγοράς,Έκτακτα μέτρα στήριξης στα οπωροκηπευτικά,564533.11,2
642,09/08/16,ΕΓΤΕ,Μέτρα Αγοράς,Μεταφορικά νησιών Αιγαίου,32822.72,2
643,09/08/16,ΕΓΤΕ,Μέτρα Αγοράς,Πρόγραμμα Δραστηριότητας Οργανώσεων Ελαιουργικών Φορέων,20243.49,1
644,09/08/16,ΕΓΤΑΑ,Μέτρα Άξονα 2 - ΕΓΤΑΑ,Εξισωτική εκτός ορεινών Μέτρο 13.2,30027709.03,34263
645,09/08/16,ΕΓΤΑΑ,Μέτρα Άξονα 2 - ΕΓΤΑΑ,Εξισωτική ορεινών Μέτρο 13.1,61758413.32,48877
646,09/08/16,ΕΓΤΑΑ,Μέτρα Άξονα 3 - ΕΓΤΑΑ,"Μέτρα 313, 312, 311 - Ανειλημμένες υποχρεώσεις",177080.58,4
647,10/08/16,ΕΓΤΕ,Μέτρα Αγοράς,Έκτακτα μέτρα στήριξης στα οπωροκηπευτικά,114217.77,1
648,10/08/16,ΕΓΤΕ,Μέτρα Αγοράς,Μεταφορικά νησιών Αιγαίου,23523.6,8
649,10/08/16,ΕΓΤΑΑ,Μέτρα Άξονα 1 - ΕΓΤΑΑ,Μέτρο 123Α - Ανειλημμένες υποχρεώσεις,1188790.12,2
650,10/08/16,ΕΓΤΑΑ,Μέτρα Άξονα 1 - ΕΓΤΑΑ,Μέτρο 121 - Ανειλημμένες υποχρεώσεις,353443.26,8
651,10/08/16,ΕΓΤΑΑ,Μέτρα Άξονα 1 - ΕΓΤΑΑ,Πρόωρη Συνταξιοδότηση Καν. 1257/99,5242345.17,29256
652,10/08/16,ΕΓΤΑΑ,Μέτρα Άξονα 3 - ΕΓΤΑΑ,"Μέτρα 313, 312, 311 - Ανειλημμένες υποχρεώσεις",97527.66,2
653,10/08/16,ΕΤΑ,Πληρωμές ΕΤΑ 2007-2013,Μ441 – Αειφόρος ανάπτυξη αλιευτικών περιοχών,161321.68,1
654,11/08/16,ΕΓΤΕ,Μέτρα Αγοράς,Έκτακτα μέτρα στήριξης στα οπωροκηπευτικά,140525.67,2
655,11/08/16,ΕΓΤΑΑ,Μέτρα Άξονα 1 - ΕΓΤΑΑ,Μέτρο 123Α - Ανειλημμένες υποχρεώσεις,806283.85,2
656,11/08/16,ΕΓΤΑΑ,Μέτρα Άξονα 3 - ΕΓΤΑΑ,"Μέτρα 313, 312, 311 - Ανειλημμένες υποχρεώσεις",685919.76,11
657,12/08/16,ΕΓΤΕ,Μέτρα Αγοράς,Έκτακτα μέτρα στήριξης στα οπωροκηπευτικά,45842.45,1
658,12/08/16,ΕΓΤΕ,Μέτρα Αγοράς,Ιδιωτική αποθεματοποίησης τυριών,1850.71,1
659,12/08/16,ΕΓΤΕ,Μέτρα Αγοράς,Μεταφορικά νησιών Αιγαίου,11455.04,6
660,12/08/16,ΕΓΤΕ,Μέτρα Αγοράς,Πρόγραμμα Δραστηριότητας Οργανώσεων Ελαιουργικών Φορέων,110166.73,1
661,12/08/16,ΕΓΤΑΑ,Μέτρα Άξονα 1 - ΕΓΤΑΑ,Μέτρο 121 - Ανειλημμένες υποχρεώσεις,256248.3,10
662,12/08/16,ΕΓΤΑΑ,Μέτρα Άξονα 3 - ΕΓΤΑΑ,"Μέτρα 313, 312, 311 - Ανειλημμένες υποχρεώσεις",46628.36,3
663,16/08/16,ΕΓΤΕ,Μέτρα Αγοράς,Μεταφορικά νησιών Αιγαίου,38588.32,26
664,16/08/16,ΕΓΤΑΑ,Μέτρα Άξονα 1 - ΕΓΤΑΑ,Μέτρο 123Α - Ανειλημμένες υποχρεώσεις,284150.27,3
665,16/08/16,ΕΓΤΑΑ,Μέτρα Άξονα 1 - ΕΓΤΑΑ,Μέτρο 121 - Ανειλημμένες υποχρεώσεις,502839.1,14
666,17/08/16,ΕΓΤΕ,Μέτρα Αγοράς,Μεταφορικά νησιών Αιγαίου,32400.16,7
667,17/08/16,ΕΓΤΑΑ,Μέτρα Άξονα 1 - ΕΓΤΑΑ,Μέτρο 123Α - Ανειλημμένες υποχρεώσεις,1315400.08,11
668,17/08/16,ΕΓΤΑΑ,Μέτρα Άξονα 1 - ΕΓΤΑΑ,Μέτρο 125 - Ανειλημμένες υποχρεώσεις,804181.53,1
669,17/08/16,ΕΓΤΑΑ,Μέτρα Άξονα 1 - ΕΓΤΑΑ,Μέτρο 121 - Ανειλημμένες υποχρεώσεις,83319.7,4
670,17/08/16,ΕΓΤΑΑ,Μέτρα Άξονα 3 - ΕΓΤΑΑ,"Μέτρα 313, 312, 311 - Ανειλημμένες υποχρεώσεις",191687.05,8
671,17/08/16,ΕΤΑ,Πληρωμές ΕΤΑ 2007-2013,Μ441 – Αειφόρος ανάπτυξη αλιευτικών περιοχών,186405.09,1
672,18/08/16,ΕΓΤΕ,Μέτρα Αγοράς,Μεταφορικά νησιών Αιγαίου,4952.64,6
673,18/08/16,ΕΓΤΑΑ,Μέτρα Άξονα 1 - ΕΓΤΑΑ,Μέτρο 123Α - Ανειλημμένες υποχρεώσεις,1120977.22,6
674,18/08/16,ΕΓΤΑΑ,Μέτρα Άξονα 1 - ΕΓΤΑΑ,Μέτρο 125 - Ανειλημμένες υποχρεώσεις,1850955.36,2
675,18/08/16,ΕΓΤΑΑ,Μέτρα Άξονα 1 - ΕΓΤΑΑ,Μέτρο 121 - Ανειλημμένες υποχρεώσεις,112865.88,4
676,18/08/16,ΕΤΑ,Πληρωμές ΕΤΑ 2007-2013,Μ441 – Αειφόρος ανάπτυξη αλιευτικών περιοχών,67429.26,2
677,19/08/16,ΕΓΤΕ,Μέτρα Αγοράς,Βελτίωση στην παραγωγή και εμπορία μελιού,51400.3,2
678,19/08/16,ΕΓΤΕ,Μέτρα Αγοράς,Μεταφορικά νησιών Αιγαίου,480,1
679,19/08/16,ΕΓΤΕ,Μέτρα Αγοράς,Πρόγραμμα Δραστηριότητας Οργανώσεων Ελαιουργικών Φορέων,79173.25,1
680,19/08/16,ΕΓΤΑΑ,Μέτρα Άξονα 1 - ΕΓΤΑΑ,Μέτρο 123Α - Ανειλημμένες υποχρεώσεις,1915024.25,9
681,19/08/16,ΕΓΤΑΑ,Μέτρα Άξονα 1 - ΕΓΤΑΑ,Μέτρο 121 - Ανειλημμένες υποχρεώσεις,155073.86,8
682,19/08/16,ΕΓΤΑΑ,Μέτρα Άξονα 3 - ΕΓΤΑΑ,"Μέτρα 313, 312, 311 - Ανειλημμένες υποχρεώσεις",258962.31,2
683,22/08/16,ΕΓΤΕ,Μέτρα Αγοράς,Βελτίωση στην παραγωγή και εμπορία μελιού,17876.7,1
684,22/08/16,ΕΓΤΕ,Μέτρα Αγοράς,Μεταφορικά νησιών Αιγαίου,22155.52,3
685,22/08/16,ΕΓΤΑΑ,Μέτρα Άξονα 1 - ΕΓΤΑΑ,Μέτρο 121 - Ανειλημμένες υποχρεώσεις,645158.24,25
686,22/08/16,ΕΓΤΑΑ,Μέτρα Άξονα 3 - ΕΓΤΑΑ,"Μέτρα 313, 312, 311 - Ανειλημμένες υποχρεώσεις",47666.56,1
687,23/08/16,ΕΓΤΑΑ,Μέτρα Άξονα 3 - ΕΓΤΑΑ,"Μέτρα 313, 312, 311 - Ανειλημμένες υποχρεώσεις",78978.07,2
688,24/08/16,ΕΓΤΑΑ,Μέτρα Άξονα 3 - ΕΓΤΑΑ,"Μέτρα 313, 312, 311 - Ανειλημμένες υποχρεώσεις",336539.36,4
689,25/08/16,ΕΓΤΕ,Μέτρα Αγοράς,Ιδιωτική αποθεματοποίησης τυριών,43785,1
690,25/08/16,ΕΓΤΕ,Μέτρα Αγοράς,Προώθηση Προϊόντων – Τρίτες Χώρες,101434.87,1
691,25/08/16,ΕΓΤΑΑ,Μέτρα Άξονα 1 - ΕΓΤΑΑ,Μέτρο 123Α - Ανειλημμένες υποχρεώσεις,340999.84,1
692,25/08/16,ΕΓΤΑΑ,Μέτρα Άξονα 1 - ΕΓΤΑΑ,Μέτρο 121 - Ανειλημμένες υποχρεώσεις,1434779.23,51
693,25/08/16,ΕΓΤΑΑ,Μέτρα Άξονα 3 - ΕΓΤΑΑ,"Μέτρα 313, 312, 311 - Ανειλημμένες υποχρεώσεις",58007.26,2
694,26/08/16,ΕΓΤΕ,Μέτρα Αγοράς,Μεταφορικά νησιών Αιγαίου,67763.68,8
695,26/08/16,ΕΓΤΑΑ,Μέτρα Άξονα 1 - ΕΓΤΑΑ,Μέτρο 123Α - Ανειλημμένες υποχρεώσεις,125899.56,1
696,26/08/16,ΕΓΤΑΑ,Μέτρα Άξονα 1 - ΕΓΤΑΑ,Μέτρο 121 - Ανειλημμένες υποχρεώσεις,1162416.09,30
697,26/08/16,ΕΓΤΑΑ,Μέτρα Άξονα 3 - ΕΓΤΑΑ,"Μέτρα 313, 312, 311 - Ανειλημμένες υποχρεώσεις",239945.79,4
698,29/08/16,ΕΓΤΕ,Μέτρα Αγοράς,Αναδιάρθρωση αμπελώνων,140016.8,21
699,29/08/16,ΕΓΤΑΑ,Μέτρα Άξονα 1 - ΕΓΤΑΑ,Μέτρο 123Α - Ανειλημμένες υποχρεώσεις,386499.46,4
700,29/08/16,ΕΓΤΑΑ,Μέτρα Άξονα 1 - ΕΓΤΑΑ,Μέτρο 121 - Ανειλημμένες υποχρεώσεις,1116113.5,32
701,29/08/16,ΕΓΤΑΑ,Μέτρα Άξονα 3 - ΕΓΤΑΑ,"Μέτρα 313, 312, 311 - Ανειλημμένες υποχρεώσεις",340263.08,5
702,30/08/16,ΕΓΤΕ,Μέτρα Αγοράς,Αναδιάρθρωση αμπελώνων,314522,39
703,30/08/16,ΕΓΤΕ,Μέτρα Αγοράς,Έκτακτα μέτρα στήριξης στα οπωροκηπευτικά,1076417.5,4
704,30/08/16,ΕΓΤΕ,Μέτρα Αγοράς,Πρόγραμμα Δραστηριότητας Οργανώσεων Ελαιουργικών Φορέων,18866.23,1
705,30/08/16,ΕΓΤΑΑ,Μέτρα Άξονα 1 - ΕΓΤΑΑ,Μέτρο 123Α - Ανειλημμένες υποχρεώσεις,513528.59,6
706,30/08/16,ΕΓΤΑΑ,Μέτρα Άξονα 1 - ΕΓΤΑΑ,Μέτρο 121 - Ανειλημμένες υποχρεώσεις,12480,1
707,31/08/16,ΕΓΤΕ,Μέτρα Αγοράς,Μεταφορικά νησιών Αιγαίου,5224.64,5
708,31/08/16,ΕΓΤΕ,Μέτρα Αγοράς,Προώθηση Προϊόντων – Τρίτες Χώρες,186063.3,2
709,31/08/16,ΕΓΤΑΑ,Μέτρα Άξονα 1 - ΕΓΤΑΑ,Μέτρο 123Α - Ανειλημμένες υποχρεώσεις,2441010.99,10
710,31/08/16,ΕΓΤΑΑ,Μέτρα Άξονα 1 - ΕΓΤΑΑ,Μέτρο 125 - Ανειλημμένες υποχρεώσεις,421853.39,1
711,31/08/16,ΕΓΤΑΑ,Μέτρα Άξονα 1 - ΕΓΤΑΑ,Μέτρο 121 - Ανειλημμένες υποχρεώσεις,820635.08,20
712,31/08/16,ΕΓΤΑΑ,Μέτρα Άξονα 3 - ΕΓΤΑΑ,"Μέτρα 313, 312, 311 - Ανειλημμένες υποχρεώσεις",183740.89,3
713,01/09/16,ΕΓΤΕ,Μέτρα Αγοράς,Βελτίωση στην παραγωγή και εμπορία μελιού,112519.12,3
714,01/09/16,ΕΓΤΕ,Μέτρα Αγοράς,Έκτακτα μέτρα στήριξης στα οπωροκηπευτικά,725525.97,7
715,01/09/16,ΕΓΤΕ,Μέτρα Αγοράς,Μεταφορικά νησιών Αιγαίου,30946.88,10
716,01/09/16,ΕΓΤΑΑ,Μέτρα Άξονα 1 - ΕΓΤΑΑ,Μέτρο 123Α - Ανειλημμένες υποχρεώσεις,1530047.4,12
717,01/09/16,ΕΓΤΑΑ,Μέτρα Άξονα 1 - ΕΓΤΑΑ,Μέτρο 121 - Ανειλημμένες υποχρεώσεις,545560.87,13
718,01/09/16,ΕΓΤΑΑ,Μέτρα Άξονα 2 - ΕΓΤΑΑ,Διατήρηση απειλούμενων αυτοχθόνων φυλών - Ανειλημμένες υποχρεώσεις,297398.04,24
719,01/09/16,ΕΓΤΑΑ,Μέτρα Άξονα 3 - ΕΓΤΑΑ,"Μέτρα 313, 312, 311 - Ανειλημμένες υποχρεώσεις",62296.59,1
720,02/09/16,ΕΓΤΕ,Μέτρα Αγοράς,Μεταφορικά νησιών Αιγαίου,95074.66,7
721,02/09/16,ΕΓΤΑΑ,Μέτρα Άξονα 1 - ΕΓΤΑΑ,Μέτρο 123Α - Ανειλημμένες υποχρεώσεις,249591.51,6
722,02/09/16,ΕΓΤΑΑ,Μέτρα Άξονα 1 - ΕΓΤΑΑ,Μέτρο 121 - Ανειλημμένες υποχρεώσεις,154720.29,3
723,02/09/16,ΕΓΤΑΑ,Μέτρα Άξονα 3 - ΕΓΤΑΑ,"Μέτρα 313, 312, 311 - Ανειλημμένες υποχρεώσεις",296842.55,7
724,05/09/16,ΕΓΤΕ,Μέτρα Αγοράς,Βελτίωση στην παραγωγή και εμπορία μελιού,95614.84,3
725,05/09/16,ΕΓΤΕ,Μέτρα Αγοράς,Μεταφορικά νησιών Αιγαίου,28103.74,9
726,05/09/16,ΕΓΤΕ,Μέτρα Αγοράς,Πρόγραμμα Δραστηριότητας Οργανώσεων Ελαιουργικών Φορέων,24757.18,1
727,05/09/16,ΕΓΤΑΑ,Μέτρα Άξονα 1 - ΕΓΤΑΑ,Μέτρο 123Α - Ανειλημμένες υποχρεώσεις,362637.31,3
728,05/09/16,ΕΓΤΑΑ,Μέτρα Άξονα 1 - ΕΓΤΑΑ,Μέτρο 125 - Ανειλημμένες υποχρεώσεις,808354.14,2
729,05/09/16,ΕΓΤΑΑ,Μέτρα Άξονα 1 - ΕΓΤΑΑ,Μέτρο 121 - Ανειλημμένες υποχρεώσεις,42612,1
730,06/09/16,ΕΓΤΕ,Μέτρα Αγοράς,Έκτακτα μέτρα στήριξης στα οπωροκηπευτικά,4675.62,1
731,06/09/16,ΕΓΤΕ,Μέτρα Αγοράς,Επιχειρησιακό Πρόγραμμα Φρούτων,130731.23,1
732,06/09/16,ΕΓΤΕ,Μέτρα Αγοράς,Μεταφορικά νησιών Αιγαίου,25870.08,11
733,06/09/16,ΕΓΤΕ,Μέτρα Αγοράς,Πρόγραμμα Δραστηριότητας Οργανώσεων Ελαιουργικών Φορέων,10297.4,1
734,07/09/16,ΕΓΤΕ,Μέτρα Αγοράς,Αναδιάρθρωση αμπελώνων,1015421.1,103
735,07/09/16,ΕΓΤΕ,Μέτρα Αγοράς,Μεταφορικά νησιών Αιγαίου,15168,1
736,07/09/16,ΕΓΤΕ,Μέτρα Αγοράς,Προώθηση Προϊόντων – Τρίτες Χώρες,249121.65,1
737,07/09/16,ΕΓΤΑΑ,Μέτρα Άξονα 1 - ΕΓΤΑΑ,Μέτρο 123Α - Ανειλημμένες υποχρεώσεις,823484.42,6
738,07/09/16,ΕΓΤΑΑ,Μέτρα Άξονα 1 - ΕΓΤΑΑ,Μέτρο 125 - Ανειλημμένες υποχρεώσεις,222427.48,2
739,07/09/16,ΕΓΤΑΑ,Μέτρα Άξονα 1 - ΕΓΤΑΑ,Μέτρο 121 - Ανειλημμένες υποχρεώσεις,243977.06,6
740,07/09/16,ΕΓΤΑΑ,Μέτρα Άξονα 3 - ΕΓΤΑΑ,"Μέτρα 313, 312, 311 - Ανειλημμένες υποχρεώσεις",78800.98,2
741,08/09/16,ΕΓΤΕ,Μέτρα Αγοράς,Αναδιάρθρωση αμπελώνων,267025,33
742,08/09/16,ΕΓΤΕ,Μέτρα Αγοράς,Μεταφορικά νησιών Αιγαίου,6035.52,5
743,08/09/16,ΕΓΤΕ,Μέτρα Αγοράς,Πρόγραμμα Δραστηριότητας Οργανώσεων Ελαιουργικών Φορέων,18829.14,1
744,08/09/16,ΕΓΤΑΑ,Μέτρα Άξονα 1 - ΕΓΤΑΑ,Μέτρο 123Α - Ανειλημμένες υποχρεώσεις,79649.71,1
745,08/09/16,ΕΓΤΑΑ,Μέτρα Άξονα 1 - ΕΓΤΑΑ,Μέτρο 121 - Ανειλημμένες υποχρεώσεις,825736.74,28
746,08/09/16,ΕΓΤΑΑ,Μέτρα Άξονα 3 - ΕΓΤΑΑ,"Μέτρα 313, 312, 311 - Ανειλημμένες υποχρεώσεις",77564.59,1
747,09/09/16,ΕΓΤΕ,Μέτρα Αγοράς,Έκτακτα μέτρα στήριξης στα οπωροκηπευτικά,674133.77,1
748,09/09/16,ΕΓΤΕ,Μέτρα Αγοράς,Επιχειρησιακό Πρόγραμμα Φρούτων,2940,1
749,09/09/16,ΕΓΤΕ,Μέτρα Αγοράς,Μεταφορικά νησιών Αιγαίου,51796.48,7
750,09/09/16,ΕΓΤΕ,Μέτρα Αγοράς,Πρόγραμμα Δραστηριότητας Οργανώσεων Ελαιουργικών Φορέων,5218.47,1
751,09/09/16,ΕΓΤΕ,Μέτρα Αγοράς,Προώθηση Προϊόντων – Τρίτες Χώρες,14765.78,1
752,09/09/16,ΕΓΤΑΑ,Μέτρα Άξονα 1 - ΕΓΤΑΑ,Μέτρο 123Α - Ανειλημμένες υποχρεώσεις,91055.67,2
753,09/09/16,ΕΓΤΑΑ,Μέτρα Άξονα 1 - ΕΓΤΑΑ,Μέτρο 121 - Ανειλημμένες υποχρεώσεις,460568.68,13
754,12/09/16,ΕΓΤΕ,Μέτρα Αγοράς,Αναδιάρθρωση αμπελώνων,9685,2
755,12/09/16,ΕΓΤΕ,Μέτρα Αγοράς,Βελτίωση στην παραγωγή και εμπορία μελιού,23727.68,2
756,12/09/16,ΕΓΤΕ,Μέτρα Αγοράς,Έκτακτα μέτρα στήριξης στα οπωροκηπευτικά,559419.15,2
757,12/09/16,ΕΓΤΕ,Μέτρα Αγοράς,Μεταφορικά νησιών Αιγαίου,60261.44,15
758,12/09/16,ΕΓΤΑΑ,Μέτρα Άξονα 1 - ΕΓΤΑΑ,Μέτρο 123Α - Ανειλημμένες υποχρεώσεις,470835.85,5
759,12/09/16,ΕΓΤΑΑ,Μέτρα Άξονα 1 - ΕΓΤΑΑ,Μέτρο 125 - Ανειλημμένες υποχρεώσεις,774900.15,5
760,12/09/16,ΕΓΤΑΑ,Μέτρα Άξονα 3 - ΕΓΤΑΑ,"Μέτρα 313, 312, 311 - Ανειλημμένες υποχρεώσεις",90432.8,1
761,12/09/16,ΕΤΑ,Πληρωμές ΕΤΑ 2007-2013,Μ223 – Επενδύσεις στον τομέα της μεταποίησης και εμπορίας,13342.5,1
762,12/09/16,ΕΤΑ,Πληρωμές ΕΤΑ 2007-2013,Μ441 – Αειφόρος ανάπτυξη αλιευτικών περιοχών,184048.65,1
763,13/09/16,ΕΓΤΕ,Μέτρα Αγοράς,Αναδιάρθρωση αμπελώνων,44722.5,4
764,13/09/16,ΕΓΤΕ,Μέτρα Αγοράς,Βελτίωση στην παραγωγή και εμπορία μελιού,20035.02,1
765,13/09/16,ΕΓΤΕ,Μέτρα Αγοράς,Μεταφορικά νησιών Αιγαίου,30193.6,8
766,13/09/16,ΕΓΤΑΑ,Μέτρα Άξονα 1 - ΕΓΤΑΑ,Μέτρο 125 - Ανειλημμένες υποχρεώσεις,108953.78,1
767,13/09/16,ΕΓΤΑΑ,Μέτρα Άξονα 3 - ΕΓΤΑΑ,"Μέτρα 313, 312, 311 - Ανειλημμένες υποχρεώσεις",85653.73,1
768,14/09/16,ΕΓΤΕ,Μέτρα Αγοράς,Αναδιάρθρωση αμπελώνων,98281.6,42
769,14/09/16,ΕΓΤΕ,Μέτρα Αγοράς,Βελτίωση στην παραγωγή και εμπορία μελιού,14424.35,1
770,14/09/16,ΕΓΤΕ,Μέτρα Αγοράς,Δωρεάν διανομή γάλακτος,6530.83,1
771,14/09/16,ΕΓΤΕ,Μέτρα Αγοράς,Μεταφορικά νησιών Αιγαίου,3200,4
772,14/09/16,ΕΓΤΕ,Μέτρα Αγοράς,Προώθηση Προϊόντων – Εντός Ένωσης,79208.03,1
773,14/09/16,ΕΓΤΕ,Μέτρα Αγοράς,Προώθηση Προϊόντων – Εσωτερική Αγορά,198020.09,1
774,14/09/16,ΕΓΤΑΑ,Μέτρα Άξονα 1 - ΕΓΤΑΑ,Μέτρο 123Α - Ανειλημμένες υποχρεώσεις,317681.78,2
775,14/09/16,ΕΓΤΑΑ,Μέτρα Άξονα 3 - ΕΓΤΑΑ,"Μέτρα 313, 312, 311 - Ανειλημμένες υποχρεώσεις",21878.36,3
776,15/09/16,ΕΓΤΕ,Μέτρα Αγοράς,Βελτίωση στην παραγωγή και εμπορία μελιού,61848.95,3
777,15/09/16,ΕΓΤΕ,Μέτρα Αγοράς,Μεταφορικά νησιών Αιγαίου,1024,2
778,15/09/16,ΕΓΤΕ,Μέτρα Αγοράς,Πρόγραμμα Δραστηριότητας Οργανώσεων Ελαιουργικών Φορέων,19244.61,2
779,15/09/16,ΕΓΤΕ,Μέτρα Αγοράς,Προώθηση Προϊόντων – Εντός Ένωσης,171557.11,1
780,15/09/16,ΕΓΤΕ,Μέτρα Αγοράς,Προώθηση Προϊόντων – Εσωτερική Αγορά,428892.76,1
781,15/09/16,ΕΓΤΑΑ,Μέτρα Άξονα 1 - ΕΓΤΑΑ,Μέτρο 125 - Ανειλημμένες υποχρεώσεις,84864.34,1
782,15/09/16,ΕΓΤΑΑ,Μέτρα Άξονα 1 - ΕΓΤΑΑ,Μέτρο 121 - Ανειλημμένες υποχρεώσεις,51098.78,1
783,15/09/16,ΕΓΤΑΑ,Μέτρα Άξονα 2 - ΕΓΤΑΑ,Μέτρο 214 - Βιολογική κτηνοτροφία - Ανειλημμένες υποχρεώσεις,246003.84,40
784,15/09/16,ΕΓΤΑΑ,Μέτρα Άξονα 2 - ΕΓΤΑΑ,Μέτρο 214 - Σπάνιες φυλές - Ανειλημμένες υποχρεώσεις,198138.66,16
785,16/09/16,ΕΓΤΕ,Μέτρα Αγοράς,Έκτακτα μέτρα στήριξης στα οπωροκηπευτικά,1342033.35,2
786,16/09/16,ΕΓΤΕ,Μέτρα Αγοράς,Μεταφορικά νησιών Αιγαίου,47328.8,9
787,16/09/16,ΕΓΤΑΑ,Μέτρα Άξονα 1 - ΕΓΤΑΑ,Μέτρο 123Α - Ανειλημμένες υποχρεώσεις,429852.32,3
788,16/09/16,ΕΓΤΑΑ,Μέτρα Άξονα 1 - ΕΓΤΑΑ,Μέτρο 125 - Ανειλημμένες υποχρεώσεις,108629.25,1
789,16/09/16,ΕΓΤΑΑ,Μέτρα Άξονα 1 - ΕΓΤΑΑ,Μέτρο 121 - Ανειλημμένες υποχρεώσεις,1338238.2,56
790,16/09/16,ΕΓΤΑΑ,Μέτρα Άξονα 1 - ΕΓΤΑΑ,Πρόωρη Συνταξιοδότηση Καν. 1257/99,5237137.73,29207
791,16/09/16,ΕΓΤΑΑ,Μέτρα Άξονα 2 - ΕΓΤΑΑ,Μέτρο 214 - Βιολογική κτηνοτροφία - Ανειλημμένες υποχρεώσεις,181467.65,50
792,16/09/16,ΕΓΤΑΑ,Μέτρα Άξονα 2 - ΕΓΤΑΑ,Μέτρο 214 - Σπάνιες φυλές - Ανειλημμένες υποχρεώσεις,72426.6,5
793,16/09/16,ΕΓΤΑΑ,Μέτρα Άξονα 3 - ΕΓΤΑΑ,"Μέτρα 313, 312, 311 - Ανειλημμένες υποχρεώσεις",27513.89,2
794,19/09/16,ΕΓΤΕ,Μέτρα Αγοράς,Μεταφορικά νησιών Αιγαίου,15952.8,6
795,19/09/16,ΕΓΤΑΑ,Μέτρα Άξονα 1 - ΕΓΤΑΑ,Μέτρο 123Α - Ανειλημμένες υποχρεώσεις,507530.56,6
796,19/09/16,ΕΓΤΑΑ,Μέτρα Άξονα 1 - ΕΓΤΑΑ,Μέτρο 125 - Ανειλημμένες υποχρεώσεις,1530484.41,2
797,19/09/16,ΕΓΤΑΑ,Μέτρα Άξονα 1 - ΕΓΤΑΑ,Μέτρο 121 - Ανειλημμένες υποχρεώσεις,1949572.75,57
798,19/09/16,ΕΓΤΑΑ,Μέτρα Άξονα 3 - ΕΓΤΑΑ,"Μέτρα 313, 312, 311 - Ανειλημμένες υποχρεώσεις",301132.68,5
799,19/09/16,ΕΓΤΑΑ,Μέτρα Άξονα 3 - ΕΓΤΑΑ,"Μέτρα 321, 322, 323 - Ανειλημμένες υποχρεώσεις",675.29,1
800,20/09/16,ΕΓΤΕ,Μέτρα Αγοράς,Αναδιάρθρωση αμπελώνων,232541.9,61
801,20/09/16,ΕΓΤΕ,Μέτρα Αγοράς,Βελτίωση στην παραγωγή και εμπορία μελιού,43944.06,2
802,20/09/16,ΕΓΤΕ,Μέτρα Αγοράς,Έκτακτα μέτρα στήριξης στα οπωροκηπευτικά,626424.41,1
803,20/09/16,ΕΓΤΕ,Μέτρα Αγοράς,Μεταφορικά νησιών Αιγαίου,18278.08,5
804,20/09/16,ΕΓΤΕ,Μέτρα Αγοράς,Πρόγραμμα Δραστηριότητας Οργανώσεων Ελαιουργικών Φορέων,21204.39,2
805,20/09/16,ΕΓΤΕ,Μέτρα Αγοράς,Προώθηση Προϊόντων – Τρίτες Χώρες,299332.76,1
806,20/09/16,ΕΓΤΑΑ,Μέτρα Άξονα 1 - ΕΓΤΑΑ,Μέτρο 123Α - Ανειλημμένες υποχρεώσεις,215664.64,1
807,20/09/16,ΕΓΤΑΑ,Μέτρα Άξονα 1 - ΕΓΤΑΑ,Μέτρο 125 - Ανειλημμένες υποχρεώσεις,290333.75,1
808,20/09/16,ΕΓΤΑΑ,Μέτρα Άξονα 1 - ΕΓΤΑΑ,Μέτρο 121 - Ανειλημμένες υποχρεώσεις,976678.87,34
809,20/09/16,ΕΓΤΑΑ,Μέτρα Άξονα 3 - ΕΓΤΑΑ,"Μέτρα 313, 312, 311 - Ανειλημμένες υποχρεώσεις",155946.74,3
810,20/09/16,ΕΓΤΑΑ,Μέτρα Άξονα 3 - ΕΓΤΑΑ,"Μέτρα 321, 322, 323 - Ανειλημμένες υποχρεώσεις",100811.49,2
811,21/09/16,ΕΓΤΕ,Μέτρα Αγοράς,Αναδιάρθρωση αμπελώνων,89290.1,21
812,21/09/16,ΕΓΤΕ,Μέτρα Αγοράς,Πρόγραμμα Δραστηριότητας Οργανώσεων Ελαιουργικών Φορέων,120884.71,4
813,21/09/16,ΕΓΤΕ,Μέτρα Αγοράς,Προώθηση Προϊόντων – Εντός Ένωσης,215139.35,3
814,21/09/16,ΕΓΤΕ,Μέτρα Αγοράς,Προώθηση Προϊόντων – Εσωτερική Αγορά,537848.36,3
815,21/09/16,ΕΓΤΑΑ,Μέτρα Άξονα 1 - ΕΓΤΑΑ,Μέτρο 123Α - Ανειλημμένες υποχρεώσεις,139244.31,3
816,21/09/16,ΕΓΤΑΑ,Μέτρα Άξονα 1 - ΕΓΤΑΑ,Μέτρο 125 - Ανειλημμένες υποχρεώσεις,455591.96,2
817,21/09/16,ΕΓΤΑΑ,Μέτρα Άξονα 1 - ΕΓΤΑΑ,Μέτρο 121 - Ανειλημμένες υποχρεώσεις,438201.69,19
818,21/09/16,ΕΓΤΑΑ,Μέτρα Άξονα 2 - ΕΓΤΑΑ,Μέτρο 214 - Βιολογική κτηνοτροφία - Ανειλημμένες υποχρεώσεις,27750.93,10
819,21/09/16,ΕΓΤΑΑ,Μέτρα Άξονα 3 - ΕΓΤΑΑ,"Μέτρα 313, 312, 311 - Ανειλημμένες υποχρεώσεις",567051.8,12
820,21/09/16,ΕΓΤΑΑ,Μέτρα Άξονα 3 - ΕΓΤΑΑ,"Μέτρα 321, 322, 323 - Ανειλημμένες υποχρεώσεις",39953.78,1
821,22/09/16,ΕΓΤΕ,Μέτρα Αγοράς,Αναδιάρθρωση αμπελώνων,39195,8
822,22/09/16,ΕΓΤΕ,Μέτρα Αγοράς,Έκτακτα μέτρα στήριξης στα οπωροκηπευτικά,42581.57,2
823,22/09/16,ΕΓΤΕ,Μέτρα Αγοράς,Μεταφορικά νησιών Αιγαίου,31699.26,14
824,22/09/16,ΕΓΤΑΑ,Μέτρα Άξονα 1 - ΕΓΤΑΑ,Μέτρο 123Α - Ανειλημμένες υποχρεώσεις,440265.33,2
825,22/09/16,ΕΓΤΑΑ,Μέτρα Άξονα 1 - ΕΓΤΑΑ,Μέτρο 125 - Ανειλημμένες υποχρεώσεις,1111486.05,2
826,22/09/16,ΕΓΤΑΑ,Μέτρα Άξονα 3 - ΕΓΤΑΑ,"Μέτρα 313, 312, 311 - Ανειλημμένες υποχρεώσεις",113250.4,2
827,23/09/16,ΕΓΤΕ,Μέτρα Αγοράς,Βελτίωση στην παραγωγή και εμπορία μελιού,55003.09,3
828,23/09/16,ΕΓΤΕ,Μέτρα Αγοράς,Μεταφορικά νησιών Αιγαίου,12048.56,5
829,23/09/16,ΕΓΤΕ,Μέτρα Αγοράς,Πρόγραμμα Δραστηριότητας Οργανώσεων Ελαιουργικών Φορέων,22082.34,2
830,23/09/16,ΕΓΤΕ,Μέτρα Αγοράς,Προώθηση Προϊόντων – Εντός Ένωσης,83193.2,1
831,23/09/16,ΕΓΤΕ,Μέτρα Αγοράς,Προώθηση Προϊόντων – Εσωτερική Αγορά,207983.01,1
832,23/09/16,ΕΓΤΑΑ,Μέτρα Άξονα 1 - ΕΓΤΑΑ,Μέτρο 123Α - Ανειλημμένες υποχρεώσεις,208474.6,2
833,23/09/16,ΕΓΤΑΑ,Μέτρα Άξονα 1 - ΕΓΤΑΑ,Μέτρο 125 - Ανειλημμένες υποχρεώσεις,242872,3
834,23/09/16,ΕΓΤΑΑ,Μέτρα Άξονα 1 - ΕΓΤΑΑ,Μέτρο 121 - Ανειλημμένες υποχρεώσεις,525798.23,19
835,23/09/16,ΕΓΤΑΑ,Μέτρα Άξονα 2 - ΕΓΤΑΑ,Μέτρο 214 - Βιολογική κτηνοτροφία - Ανειλημμένες υποχρεώσεις,23439.51,8
836,23/09/16,ΕΓΤΑΑ,Μέτρα Άξονα 2 - ΕΓΤΑΑ,Μέτρο 214 - Σπάνιες φυλές - Ανειλημμένες υποχρεώσεις,204257.2,15
837,23/09/16,ΕΓΤΑΑ,Μέτρα Άξονα 3 - ΕΓΤΑΑ,"Μέτρα 313, 312, 311 - Ανειλημμένες υποχρεώσεις",68779.81,2
838,26/09/16,ΕΓΤΕ,Μέτρα Αγοράς,Αναδιάρθρωση αμπελώνων,1569429.6,240
839,26/09/16,ΕΓΤΕ,Μέτρα Αγοράς,Έκτακτα μέτρα στήριξης στα οπωροκηπευτικά,1137155.69,1
840,26/09/16,ΕΓΤΕ,Μέτρα Αγοράς,Μεταφορικά νησιών Αιγαίου,76506.88,19
841,26/09/16,ΕΓΤΕ,Μέτρα Αγοράς,Πρόγραμμα Δραστηριότητας Οργανώσεων Ελαιουργικών Φορέων,54531.74,3
842,26/09/16,ΕΓΤΑΑ,Μέτρα Άξονα 1 - ΕΓΤΑΑ,Μέτρο 123Α - Ανειλημμένες υποχρεώσεις,82151.5,2
843,26/09/16,ΕΓΤΑΑ,Μέτρα Άξονα 1 - ΕΓΤΑΑ,Μέτρο 125 - Ανειλημμένες υποχρεώσεις,424079.07,4
844,26/09/16,ΕΓΤΑΑ,Μέτρα Άξονα 1 - ΕΓΤΑΑ,Μέτρο 121 - Ανειλημμένες υποχρεώσεις,595295.46,21
845,26/09/16,ΕΓΤΑΑ,Μέτρα Άξονα 2 - ΕΓΤΑΑ,Δάσωση - Ανειλημμένες υποχρεώσεις,252138.59,159
846,26/09/16,ΕΓΤΑΑ,Μέτρα Άξονα 3 - ΕΓΤΑΑ,"Μέτρα 313, 312, 311 - Ανειλημμένες υποχρεώσεις",470015.23,8
847,27/09/16,ΕΓΤΕ,Μέτρα Αγοράς,Αναδιάρθρωση αμπελώνων,384894.9,36
848,27/09/16,ΕΓΤΕ,Μέτρα Αγοράς,Μεταφορικά νησιών Αιγαίου,25484.17,15
849,27/09/16,ΕΓΤΕ,Μέτρα Αγοράς,Πρόγραμμα Δραστηριότητας Οργανώσεων Ελαιουργικών Φορέων,72904.73,6
850,27/09/16,ΕΓΤΑΑ,Μέτρα Άξονα 1 - ΕΓΤΑΑ,Μέτρο 121 - Ανειλημμένες υποχρεώσεις,1099259.71,41
851,27/09/16,ΕΓΤΑΑ,Μέτρα Άξονα 3 - ΕΓΤΑΑ,"Μέτρα 313, 312, 311 - Ανειλημμένες υποχρεώσεις",31744.55,1
852,27/09/16,ΕΓΤΑΑ,Μέτρα Άξονα 3 - ΕΓΤΑΑ,"Μέτρα 321, 322, 323 - Ανειλημμένες υποχρεώσεις",39913.14,1
853,27/09/16,ΕΤΑ,Πληρωμές ΕΤΑ 2007-2013,Μ441 – Αειφόρος ανάπτυξη αλιευτικών περιοχών,133431.67,1
854,28/09/16,ΕΓΤΕ,Μέτρα Αγοράς,Αναδιάρθρωση αμπελώνων,5173571.3,321
855,28/09/16,ΕΓΤΕ,Μέτρα Αγοράς,Πρόγραμμα Δραστηριότητας Οργανώσεων Ελαιουργικών Φορέων,137315.9,2
856,28/09/16,ΕΓΤΑΑ,Μέτρα Άξονα 1 - ΕΓΤΑΑ,Μέτρο 123Α - Ανειλημμένες υποχρεώσεις,23500,1
857,28/09/16,ΕΓΤΑΑ,Μέτρα Άξονα 1 - ΕΓΤΑΑ,Μέτρο 125 - Ανειλημμένες υποχρεώσεις,239547.05,3
858,28/09/16,ΕΓΤΑΑ,Μέτρα Άξονα 1 - ΕΓΤΑΑ,Μέτρο 121 - Ανειλημμένες υποχρεώσεις,445110.29,25
859,28/09/16,ΕΓΤΑΑ,Μέτρα Άξονα 3 - ΕΓΤΑΑ,"Μέτρα 313, 312, 311 - Ανειλημμένες υποχρεώσεις",345317.46,13
860,28/09/16,ΕΓΤΑΑ,Μέτρα Άξονα 3 - ΕΓΤΑΑ,"Μέτρα 321, 322, 323 - Ανειλημμένες υποχρεώσεις",64966.53,1
861,28/09/16,ΕΤΑ,Πληρωμές ΕΤΑ 2007-2013,Μ441 – Αειφόρος ανάπτυξη αλιευτικών περιοχών,75213.31,1
862,29/09/16,ΕΓΤΕ,Μέτρα Αγοράς,Βελτίωση στην παραγωγή και εμπορία μελιού,18324.9,34
863,29/09/16,ΕΓΤΕ,Μέτρα Αγοράς,Έκτακτα μέτρα στήριξης στα οπωροκηπευτικά,62714.09,1
864,29/09/16,ΕΓΤΕ,Μέτρα Αγοράς,Πρόγραμμα Δραστηριότητας Οργανώσεων Ελαιουργικών Φορέων,123557.72,7
865,29/09/16,ΕΓΤΕ,Μέτρα Αγοράς,Προώθηση Προϊόντων – Τρίτες Χώρες,52479.79,1
866,29/09/16,ΕΓΤΑΑ,Μέτρα Άξονα 1 - ΕΓΤΑΑ,Μέτρο 123Α - Ανειλημμένες υποχρεώσεις,13405.54,1
867,29/09/16,ΕΓΤΑΑ,Μέτρα Άξονα 1 - ΕΓΤΑΑ,Μέτρο 125 - Ανειλημμένες υποχρεώσεις,1271956.28,3
868,29/09/16,ΕΓΤΑΑ,Μέτρα Άξονα 1 - ΕΓΤΑΑ,Μέτρο 121 - Ανειλημμένες υποχρεώσεις,924291.3,35
869,29/09/16,ΕΓΤΑΑ,Μέτρα Άξονα 2 - ΕΓΤΑΑ,Δάσωση - Ανειλημμένες υποχρεώσεις,79331.17,72
870,29/09/16,ΕΓΤΑΑ,Μέτρα Άξονα 2 - ΕΓΤΑΑ,Μέτρο 214 - Βιολογική κτηνοτροφία - Ανειλημμένες υποχρεώσεις,475618.18,138
871,29/09/16,ΕΓΤΑΑ,Μέτρα Άξονα 2 - ΕΓΤΑΑ,Μέτρο 214 - Σπάνιες φυλές - Ανειλημμένες υποχρεώσεις,132071.39,71
872,29/09/16,ΕΓΤΑΑ,Μέτρα Άξονα 3 - ΕΓΤΑΑ,"Μέτρα 321, 322, 323 - Ανειλημμένες υποχρεώσεις",48286.16,1
873,30/09/16,ΕΓΤΕ,Μέτρα Αγοράς,Βελτίωση στην παραγωγή και εμπορία μελιού,6077.76,17
874,30/09/16,ΕΓΤΕ,Μέτρα Αγοράς,Έκτακτα μέτρα στήριξης στα οπωροκηπευτικά,6941457.65,13
875,30/09/16,ΕΓΤΕ,Μέτρα Αγοράς,Μεταφορικά νησιών Αιγαίου,83618.26,18
876,30/09/16,ΕΓΤΕ,Μέτρα Αγοράς,Πρόγραμμα Δραστηριότητας Οργανώσεων Ελαιουργικών Φορέων,369192.97,8
877,30/09/16,ΕΓΤΕ,Μέτρα Αγοράς,Προώθηση Προϊόντων – Τρίτες Χώρες,34714.1,2
878,30/09/16,ΕΓΤΑΑ,Μέτρα Άξονα 1 - ΕΓΤΑΑ,Μέτρο 125 - Ανειλημμένες υποχρεώσεις,444441.69,6
879,30/09/16,ΕΓΤΑΑ,Μέτρα Άξονα 1 - ΕΓΤΑΑ,Μέτρο 121 - Ανειλημμένες υποχρεώσεις,895569.84,38
880,30/09/16,ΕΓΤΑΑ,Μέτρα Άξονα 2 - ΕΓΤΑΑ,Δάσωση - Ανειλημμένες υποχρεώσεις,369235.35,329
881,30/09/16,ΕΓΤΑΑ,Μέτρα Άξονα 2 - ΕΓΤΑΑ,Μέτρο 214 - Βιολογική κτηνοτροφία - Ανειλημμένες υποχρεώσεις,29788.97,8
882,30/09/16,ΕΓΤΑΑ,Μέτρα Άξονα 3 - ΕΓΤΑΑ,"Μέτρα 313, 312, 311 - Ανειλημμένες υποχρεώσεις",113422.68,4
883,30/09/16,ΕΓΤΑΑ,Μέτρα Άξονα 3 - ΕΓΤΑΑ,"Μέτρα 321, 322, 323 - Ανειλημμένες υποχρεώσεις",102513.76,2
884,03/10/16,ΕΓΤΕ,Μέτρα Αγοράς,Μεταφορικά νησιών Αιγαίου,27868.4,11
885,03/10/16,ΕΓΤΑΑ,Μέτρα Άξονα 1 - ΕΓΤΑΑ,Μέτρο 125 - Ανειλημμένες υποχρεώσεις,581284.15,5
886,03/10/16,ΕΓΤΑΑ,Μέτρα Άξονα 2 - ΕΓΤΑΑ,Μέτρο 214 - Σπάνιες φυλές - Ανειλημμένες υποχρεώσεις,367415.72,28
887,03/10/16,ΕΓΤΑΑ,Μέτρα Άξονα 3 - ΕΓΤΑΑ,"Μέτρα 313, 312, 311 - Ανειλημμένες υποχρεώσεις",127002.38,2
888,03/10/16,ΕΤΑ,Πληρωμές ΕΤΑ 2007-2013,Μ331 – Συλλογικές δράσεις,9957.26,2
889,04/10/16,ΕΓΤΕ,Μέτρα Αγοράς,Βελτίωση στην παραγωγή και εμπορία μελιού,42268.7,142
890,04/10/16,ΕΓΤΕ,Μέτρα Αγοράς,Επιχειρησιακό Πρόγραμμα Φρούτων,8731.4,1
891,04/10/16,ΕΓΤΑΑ,Μέτρα Άξονα 1 - ΕΓΤΑΑ,Μέτρο 125 - Ανειλημμένες υποχρεώσεις,339097.53,3
892,04/10/16,ΕΓΤΑΑ,Μέτρα Άξονα 1 - ΕΓΤΑΑ,Μέτρο 121 - Ανειλημμένες υποχρεώσεις,292491.02,10
893,04/10/16,ΕΓΤΑΑ,Μέτρα Άξονα 2 - ΕΓΤΑΑ,Δάσωση - Ανειλημμένες υποχρεώσεις,69416.17,62
894,05/10/16,ΕΓΤΕ,Μέτρα Αγοράς,Βελτίωση στην παραγωγή και εμπορία μελιού,39923.32,100
895,05/10/16,ΕΓΤΕ,Μέτρα Αγοράς,Επιχειρησιακό Πρόγραμμα Φρούτων,67586.13,2
896,05/10/16,ΕΓΤΕ,Μέτρα Αγοράς,Μεταφορικά νησιών Αιγαίου,20545.28,4
897,05/10/16,ΕΓΤΕ,Μέτρα Αγοράς,Προώθηση Οίνων – Τρίτες Χώρες,64458.73,1
898,05/10/16,ΕΓΤΑΑ,Μέτρα Άξονα 1 - ΕΓΤΑΑ,Μέτρο 125 - Ανειλημμένες υποχρεώσεις,180915.76,3
899,05/10/16,ΕΓΤΑΑ,Μέτρα Άξονα 1 - ΕΓΤΑΑ,Μέτρο 121 - Ανειλημμένες υποχρεώσεις,184393.83,7
900,05/10/16,ΕΓΤΑΑ,Μέτρα Άξονα 2 - ΕΓΤΑΑ,Δάσωση - Ανειλημμένες υποχρεώσεις,618744.28,498
901,05/10/16,ΕΓΤΑΑ,Μέτρα Άξονα 3 - ΕΓΤΑΑ,"Μέτρα 313, 312, 311 - Ανειλημμένες υποχρεώσεις",72905.89,1
902,05/10/16,ΕΓΤΑΑ,Μέτρα Άξονα 3 - ΕΓΤΑΑ,"Μέτρα 321, 322, 323 - Ανειλημμένες υποχρεώσεις",212358.21,3
903,06/10/16,ΕΓΤΕ,Μέτρα Αγοράς,Βελτίωση στην παραγωγή και εμπορία μελιού,154505.84,314
904,06/10/16,ΕΓΤΕ,Μέτρα Αγοράς,Επιχειρησιακό Πρόγραμμα Φρούτων,95162.49,2
905,06/10/16,ΕΓΤΕ,Μέτρα Αγοράς,Μεταφορικά νησιών Αιγαίου,6080,1
906,06/10/16,ΕΓΤΕ,Μέτρα Αγοράς,Προώθηση Οίνων – Τρίτες Χώρες,28604.39,2
907,06/10/16,ΕΓΤΑΑ,Μέτρα Άξονα 1 - ΕΓΤΑΑ,Μέτρο 123Α - Ανειλημμένες υποχρεώσεις,368459.41,6
908,06/10/16,ΕΓΤΑΑ,Μέτρα Άξονα 1 - ΕΓΤΑΑ,Μέτρο 125 - Ανειλημμένες υποχρεώσεις,1442137.03,10
909,06/10/16,ΕΓΤΑΑ,Μέτρα Άξονα 1 - ΕΓΤΑΑ,Μέτρο 121 - Ανειλημμένες υποχρεώσεις,139800.22,4
910,06/10/16,ΕΓΤΑΑ,Μέτρα Άξονα 2 - ΕΓΤΑΑ,Εξισωτική εκτός ορεινών Μέτρο 13.2,2182723.83,5153
911,06/10/16,ΕΓΤΑΑ,Μέτρα Άξονα 2 - ΕΓΤΑΑ,Εξισωτική ορεινών Μέτρο 13.1,6684151.48,10068
912,06/10/16,ΕΓΤΑΑ,Μέτρα Άξονα 3 - ΕΓΤΑΑ,"Μέτρα 313, 312, 311 - Ανειλημμένες υποχρεώσεις",65479.73,2
913,06/10/16,ΕΓΤΑΑ,Μέτρα Άξονα 3 - ΕΓΤΑΑ,"Μέτρα 321, 322, 323 - Ανειλημμένες υποχρεώσεις",211456.98,2
914,07/10/16,ΕΓΤΕ,Μέτρα Αγοράς,Δωρεάν διανομή γάλακτος,11350.97,1
915,07/10/16,ΕΓΤΕ,Μέτρα Αγοράς,Μεταφορικά νησιών Αιγαίου,36413.6,6
916,07/10/16,ΕΓΤΕ,Μέτρα Αγοράς,Προώθηση Οίνων – Τρίτες Χώρες,183575.31,2
917,07/10/16,ΕΓΤΑΑ,Μέτρα Άξονα 1 - ΕΓΤΑΑ,Μέτρο 123Α - Ανειλημμένες υποχρεώσεις,146116.72,2
918,07/10/16,ΕΓΤΑΑ,Μέτρα Άξονα 1 - ΕΓΤΑΑ,Μέτρο 125 - Ανειλημμένες υποχρεώσεις,128081.68,3
919,07/10/16,ΕΓΤΑΑ,Μέτρα Άξονα 2 - ΕΓΤΑΑ,Ολοκληρωμένη διαχείριση ζαχαροτεύτλων - Ανειλημμένες υποχρεώσεις,4133.97,8
920,07/10/16,ΕΓΤΑΑ,Μέτρα Άξονα 2 - ΕΓΤΑΑ,Μέτρο 214 - Βιολογική κτηνοτροφία - Ανειλημμένες υποχρεώσεις,953269.76,240
921,07/10/16,ΕΓΤΑΑ,Μέτρα Άξονα 2 - ΕΓΤΑΑ,Μέτρο 214 - Νιτρορύπανση - Ανειλημμένες υποχρεώσεις,2944.76,2
922,07/10/16,ΕΓΤΑΑ,Μέτρα Άξονα 2 - ΕΓΤΑΑ,Μέτρο 214 - Σπάνιες φυλές - Ανειλημμένες υποχρεώσεις,7750,3
923,07/10/16,ΕΓΤΑΑ,Μέτρα Άξονα 3 - ΕΓΤΑΑ,"Μέτρα 313, 312, 311 - Ανειλημμένες υποχρεώσεις",194303.91,2
924,07/10/16,ΕΓΤΑΑ,Μέτρα Άξονα 3 - ΕΓΤΑΑ,"Μέτρα 321, 322, 323 - Ανειλημμένες υποχρεώσεις",2946.45,1
925,10/10/16,ΕΓΤΕ,Μέτρα Αγοράς,Αναδιάρθρωση αμπελώνων,193806.5,11
926,10/10/16,ΕΓΤΕ,Μέτρα Αγοράς,Βελτίωση στην παραγωγή και εμπορία μελιού,183732.64,412
927,10/10/16,ΕΓΤΕ,Μέτρα Αγοράς,Επιχειρησιακό Πρόγραμμα Φρούτων,40587.17,2
928,10/10/16,ΕΓΤΕ,Μέτρα Αγοράς,Μεταφορικά νησιών Αιγαίου,15126.4,4
929,10/10/16,ΕΓΤΕ,Μέτρα Αγοράς,Προώθηση Οίνων – Τρίτες Χώρες,89369.45,3
930,10/10/16,ΕΓΤΑΑ,Μέτρα Άξονα 1 - ΕΓΤΑΑ,Μέτρο 125 - Ανειλημμένες υποχρεώσεις,794641.54,10
931,10/10/16,ΕΓΤΑΑ,Μέτρα Άξονα 2 - ΕΓΤΑΑ,Δάσωση - Ανειλημμένες υποχρεώσεις,13853.22,19
932,10/10/16,ΕΓΤΑΑ,Μέτρα Άξονα 3 - ΕΓΤΑΑ,"Μέτρα 313, 312, 311 - Ανειλημμένες υποχρεώσεις",215286.15,2
933,10/10/16,ΕΓΤΑΑ,Μέτρα Άξονα 3 - ΕΓΤΑΑ,"Μέτρα 321, 322, 323 - Ανειλημμένες υποχρεώσεις",90588.57,1
934,10/10/16,ΕΤΑ,Πληρωμές ΕΤΑ 2007-2013,Πρόωρη Συνταξιοδότηση Αλιέων - block account,36684,25
935,10/10/16,ΕΤΑ,Πληρωμές ΕΤΑ 2007-2013,Πρόωρη Συνταξιοδότηση Αλιέων - ΠΔΕ,90882,61
936,11/10/16,ΕΓΤΕ,Μέτρα Αγοράς,Βελτίωση στην παραγωγή και εμπορία μελιού,373985.25,505
937,11/10/16,ΕΓΤΕ,Μέτρα Αγοράς,Επιχειρησιακό Πρόγραμμα Φρούτων,241856.45,4
938,11/10/16,ΕΓΤΕ,Μέτρα Αγοράς,Μεταφορικά νησιών Αιγαίου,4045.12,5
939,11/10/16,ΕΓΤΕ,Μέτρα Αγοράς,Προώθηση Οίνων – Τρίτες Χώρες,50880.52,2
940,11/10/16,ΕΓΤΑΑ,Μέτρα Άξονα 1 - ΕΓΤΑΑ,Μέτρο 125 - Ανειλημμένες υποχρεώσεις,936242.92,7
941,11/10/16,ΕΓΤΑΑ,Μέτρα Άξονα 3 - ΕΓΤΑΑ,"Μέτρα 313, 312, 311 - Ανειλημμένες υποχρεώσεις",124367.72,2
942,11/10/16,ΕΓΤΑΑ,Μέτρα Άξονα 3 - ΕΓΤΑΑ,"Μέτρα 321, 322, 323 - Ανειλημμένες υποχρεώσεις",122436.06,3
943,11/10/16,ΕΤΑ,Πληρωμές ΕΤΑ 2007-2013,Μ441 – Αειφόρος ανάπτυξη αλιευτικών περιοχών,26373.08,1
944,12/10/16,ΕΓΤΕ,Μέτρα Αγοράς,Βελτίωση στην παραγωγή και εμπορία μελιού,290801.85,480
945,12/10/16,ΕΓΤΕ,Μέτρα Αγοράς,Επιχειρησιακό Πρόγραμμα Φρούτων,56719.8,2
946,12/10/16,ΕΓΤΕ,Μέτρα Αγοράς,Μεταφορικά νησιών Αιγαίου,9120,5
947,12/10/16,ΕΓΤΕ,Μέτρα Αγοράς,Προώθηση Οίνων – Τρίτες Χώρες,229524.88,2
948,12/10/16,ΕΓΤΑΑ,Μέτρα Άξονα 1 - ΕΓΤΑΑ,Μέτρο 125 - Ανειλημμένες υποχρεώσεις,22629.22,1
949,12/10/16,ΕΓΤΑΑ,Μέτρα Άξονα 2 - ΕΓΤΑΑ,Μέτρο 214 - Σπάνιες φυλές - Ανειλημμένες υποχρεώσεις,1292.85,1
950,12/10/16,ΕΓΤΑΑ,Μέτρα Άξονα 3 - ΕΓΤΑΑ,"Μέτρα 321, 322, 323 - Ανειλημμένες υποχρεώσεις",35727.66,2
951,13/10/16,ΕΓΤΕ,Μέτρα Αγοράς,Βελτίωση στην παραγωγή και εμπορία μελιού,810786.14,1131
952,13/10/16,ΕΓΤΕ,Μέτρα Αγοράς,Επιχειρησιακό Πρόγραμμα Φρούτων,617286.8,10
953,13/10/16,ΕΓΤΕ,Μέτρα Αγοράς,Μεταφορικά νησιών Αιγαίου,10166.4,3
954,13/10/16,ΕΓΤΕ,Μέτρα Αγοράς,Προώθηση Οίνων – Τρίτες Χώρες,47964.94,1
955,13/10/16,ΕΓΤΑΑ,Μέτρα Άξονα 1 - ΕΓΤΑΑ,Μέτρο 123Α - Ανειλημμένες υποχρεώσεις,143121.46,2
956,13/10/16,ΕΓΤΑΑ,Μέτρα Άξονα 1 - ΕΓΤΑΑ,Μέτρο 125 - Ανειλημμένες υποχρεώσεις,1862066.37,11
957,13/10/16,ΕΓΤΑΑ,Μέτρα Άξονα 1 - ΕΓΤΑΑ,Πρόωρη Συνταξιοδότηση Καν. 1257/99,5238657.83,29138
958,13/10/16,ΕΓΤΑΑ,Μέτρα Άξονα 2 - ΕΓΤΑΑ,Δάσωση - Ανειλημμένες υποχρεώσεις,1699.5,1
959,13/10/16,ΕΓΤΑΑ,Μέτρα Άξονα 3 - ΕΓΤΑΑ,"Μέτρα 313, 312, 311 - Ανειλημμένες υποχρεώσεις",155252.06,4
960,13/10/16,ΕΓΤΑΑ,Μέτρα Άξονα 3 - ΕΓΤΑΑ,"Μέτρα 321, 322, 323 - Ανειλημμένες υποχρεώσεις",6918.93,2
961,13/10/16,ΕΤΑ,Πληρωμές ΕΤΑ 2007-2013,Μ331 – Συλλογικές δράσεις,86698.77,4
962,13/10/16,ΕΤΑ,Πληρωμές ΕΤΑ 2007-2013,Μ441 – Αειφόρος ανάπτυξη αλιευτικών περιοχών,145482.84,1
963,14/10/16,ΕΓΤΕ,Άμεσες Ενισχύσεις,Διεπαγγελματική βάμβακος 2015,964.76,132
964,14/10/16,ΕΓΤΕ,Άμεσες Ενισχύσεις,Ειδική ενίσχυση για την καλλιέργεια βαμβακιού 2015,336541.66,132
965,14/10/16,ΕΓΤΕ,Άμεσες Ενισχύσεις,Ενίσχυση για τη διατήρηση της καλλιέργειας αμπέλων 2015,133718.89,625
966,14/10/16,ΕΓΤΕ,Άμεσες Ενισχύσεις,Ενίσχυση για τη διατήρηση παραδοσιακών ελαιώνων 2015,2642.57,10
967,14/10/16,ΕΓΤΕ,Άμεσες Ενισχύσεις,Ενίσχυση για την καλλιέργεια εαρινής πατάτας 2015,1023.55,2
968,14/10/16,ΕΓΤΕ,Άμεσες Ενισχύσεις,Ενίσχυση για την καλλιέργεια κριθαριού Λήμνου 2015,37,1
969,14/10/16,ΕΓΤΕ,Άμεσες Ενισχύσεις,Ενίσχυση για την καλλιέργεια φασολιού 2015,66828.78,146
970,14/10/16,ΕΓΤΕ,Άμεσες Ενισχύσεις,Ενίσχυση για την καλλιέργεια φθινοπωρινής πατάτας 2015,621.22,1
971,14/10/16,ΕΓΤΕ,Άμεσες Ενισχύσεις,Ενίσχυση για την παραγωγή αγελαδινού γάλακτος με προορισμό την παραγωγή τυριού 2015,5198.63,1
972,14/10/16,ΕΓΤΕ,Άμεσες Ενισχύσεις,Ενίσχυση για την παραγωγή αίγειου γάλακτος με προορισμό την παραγωγή τυριού 2015,98.92,1
973,14/10/16,ΕΓΤΕ,Άμεσες Ενισχύσεις,Ενίσχυση για την παραγωγή πρόβειου γάλακτος με προορισμό την παραγωγή τυριού 2015,1499.02,1
974,14/10/16,ΕΓΤΕ,Άμεσες Ενισχύσεις,Επιστροφή δημοσιονομικής πειθαρχίας 2015,16700560.83,244413
975,14/10/16,ΕΓΤΕ,Άμεσες Ενισχύσεις,Καθεστώς Βασικής Ενίσχυσης 2015,1159242.16,62967
976,14/10/16,ΕΓΤΕ,Άμεσες Ενισχύσεις,Νέοι Γεωργοί 2015,15363.64,213
977,14/10/16,ΕΓΤΕ,Άμεσες Ενισχύσεις,Πράσινη Ενίσχυση 2015,1234672.86,28319
978,14/10/16,ΕΓΤΕ,Άμεσες Ενισχύσεις,Συνδεδεμένη ενίσχυση αιγοπροβατοτρόφων (Μέτρο 2) βάσει Καν. 1307/2013 2015,4785,6
979,14/10/16,ΕΓΤΕ,Άμεσες Ενισχύσεις,Συνδεδεμένη ενίσχυση βοοτρόφων (Μέτρο 2) βάσει Καν. 1307/2013 2015,557598.38,54
980,14/10/16,ΕΓΤΕ,Άμεσες Ενισχύσεις,Συνδεδεμένη ενίσχυση για την καλλιέργεια βιομηχανικής τομάτας 2015,17372.71,11
981,14/10/16,ΕΓΤΕ,Άμεσες Ενισχύσεις,Συνδεδεμένη ενίσχυση για την καλλιέργεια βρώσιμων οσπρίων 2015,150.31,1
982,14/10/16,ΕΓΤΕ,Άμεσες Ενισχύσεις,Συνδεδεμένη ενίσχυση για την καλλιέργεια ζαχαροτεύτλων 2015,10875.09,11
983,14/10/16,ΕΓΤΕ,Άμεσες Ενισχύσεις,Συνδεδεμένη ενίσχυση για την καλλιέργεια πρωτεινούχων κτηνοτροφικών ψυχανθών 2015,2224.32,6
984,14/10/16,ΕΓΤΕ,Άμεσες Ενισχύσεις,Συνδεδεμένη ενίσχυση για την καλλιέργεια ρυζιού 2015,48081.92,28
985,14/10/16,ΕΓΤΕ,Άμεσες Ενισχύσεις,Συνδεδεμένη ενίσχυση για την καλλιέργεια σκληρού σίτου 2015,14257.51,36
986,14/10/16,ΕΓΤΕ,Άμεσες Ενισχύσεις,Συνδεδεμένη ενίσχυση για την καλλιέργεια σπαραγγιών 2015,24467.02,26
987,14/10/16,ΕΓΤΕ,Άμεσες Ενισχύσεις,Συνδεδεμένη ενίσχυση για την καλλιέργεια σπόρων προς σπορά 2015,346268.93,103
988,14/10/16,ΕΓΤΕ,Άμεσες Ενισχύσεις,Συνδεδεμένη ενίσχυση για την παράδοση πορτοκαλιών προς χυμοποίηση 2015,38259.23,73
989,14/10/16,ΕΓΤΕ,Άμεσες Ενισχύσεις,Συνδεδεμένη ενίσχυση στον τομέα του βόειου κρέατος 2015,1063003.68,404
990,14/10/16,ΕΓΤΕ,Άμεσες Ενισχύσεις,Συνδεδεμένη ενίσχυση στον τομέα του πρόβειου και αίγειου κρέατος σε ορεινές και μειονεκτικές περιοχές 2015,686920.92,877
991,14/10/16,ΕΓΤΕ,Άμεσες Ενισχύσεις,Συνδεδεμένη ενίσχυση στον τομέα του πρόβειου και αίγειου κρέατος σε πεδινές περιοχές 2015,271068.16,287
992,14/10/16,ΕΓΤΕ,Μέτρα Αγοράς,Αναδιάρθρωση αμπελώνων,675,3
993,14/10/16,ΕΓΤΕ,Μέτρα Αγοράς,Βελτίωση στην παραγωγή και εμπορία μελιού,2688589.15,3639
994,14/10/16,ΕΓΤΕ,Μέτρα Αγοράς,Επιχειρησιακό Πρόγραμμα Φρούτων,7827625.07,46
995,14/10/16,ΕΓΤΕ,Μέτρα Αγοράς,Μεταφορικά νησιών Αιγαίου,17861.19,7
996,14/10/16,ΕΓΤΕ,Μέτρα Αγοράς,Προώθηση Οίνων – Τρίτες Χώρες,2912539.24,16
997,14/10/16,ΕΓΤΑΑ,Μέτρα Άξονα 1 - ΕΓΤΑΑ,Μέτρο 123Α - Ανειλημμένες υποχρεώσεις,51104.85,1
998,14/10/16,ΕΓΤΑΑ,Μέτρα Άξονα 1 - ΕΓΤΑΑ,Μέτρο 125 - Ανειλημμένες υποχρεώσεις,883272.23,10
999,14/10/16,ΕΓΤΑΑ,Μέτρα Άξονα 1 - ΕΓΤΑΑ,Μέτρο 132 - Ανειλημμένες υποχρεώσεις,1157.6,2
1000,14/10/16,ΕΓΤΑΑ,Μέτρα Άξονα 1 - ΕΓΤΑΑ,Μέτρο 121 - Ανειλημμένες υποχρεώσεις,155123.22,1
1001,14/10/16,ΕΓΤΑΑ,Μέτρα Άξονα 2 - ΕΓΤΑΑ,Μέτρο 214 - Βιολογική κτηνοτροφία - Ανειλημμένες υποχρεώσεις,741621.77,228
1002,14/10/16,ΕΓΤΑΑ,Μέτρα Άξονα 2 - ΕΓΤΑΑ,Μέτρο 214 - Σπάνιες φυλές - Ανειλημμένες υποχρεώσεις,70742.86,27
1003,14/10/16,ΕΓΤΑΑ,Μέτρα Άξονα 3 - ΕΓΤΑΑ,"Μέτρα 313, 312, 311 - Ανειλημμένες υποχρεώσεις",158613.84,5
1004,14/10/16,ΕΓΤΑΑ,Μέτρα Άξονα 3 - ΕΓΤΑΑ,"Μέτρα 321, 322, 323 - Ανειλημμένες υποχρεώσεις",64441.02,2
1005,17/10/16,ΕΓΤΕ,Μέτρα Αγοράς,Μεταφορικά νησιών Αιγαίου,4512.84,3
1006,17/10/16,ΕΓΤΑΑ,Μέτρα Άξονα 1 - ΕΓΤΑΑ,Μέτρο 112 - Ανειλημμένες υποχρεώσεις,471000,83
1007,17/10/16,ΕΓΤΑΑ,Μέτρα Άξονα 1 - ΕΓΤΑΑ,Μέτρο 125 - Ανειλημμένες υποχρεώσεις,189963.27,4
1008,17/10/16,ΕΓΤΑΑ,Μέτρα Άξονα 1 - ΕΓΤΑΑ,Μέτρο 121 - Ανειλημμένες υποχρεώσεις,16087.5,1
1009,18/10/16,ΕΓΤΑΑ,Μέτρα Άξονα 1 - ΕΓΤΑΑ,Μέτρο 125 - Ανειλημμένες υποχρεώσεις,85045.03,1
1010,18/10/16,ΕΓΤΑΑ,Μέτρα Άξονα 1 - ΕΓΤΑΑ,Μέτρο 121 - Ανειλημμένες υποχρεώσεις,387474.17,11
1011,18/10/16,ΕΓΤΑΑ,Μέτρα Άξονα 2 - ΕΓΤΑΑ,Μέτρο 214 - Βιολογική κτηνοτροφία - Ανειλημμένες υποχρεώσεις,369130.83,100
1012,19/10/16,ΕΓΤΕ,Μέτρα Αγοράς,Μεταφορικά νησιών Αιγαίου,2328.5,3
1013,19/10/16,ΕΓΤΑΑ,Μέτρα Άξονα 1 - ΕΓΤΑΑ,Μέτρο 123Α - Ανειλημμένες υποχρεώσεις,261683.25,2
1014,19/10/16,ΕΓΤΑΑ,Μέτρα Άξονα 1 - ΕΓΤΑΑ,Μέτρο 125 - Ανειλημμένες υποχρεώσεις,256992.32,4
1015,19/10/16,ΕΓΤΑΑ,Μέτρα Άξονα 1 - ΕΓΤΑΑ,Μέτρο 121 - Ανειλημμένες υποχρεώσεις,186860.69,8
1016,19/10/16,ΕΓΤΑΑ,Μέτρα Άξονα 2 - ΕΓΤΑΑ,Μέτρο 214 - Βιολογική κτηνοτροφία - Ανειλημμένες υποχρεώσεις,269799.26,100
1017,19/10/16,ΕΓΤΑΑ,Μέτρα Άξονα 2 - ΕΓΤΑΑ,Μέτρο 214 - Νιτρορύπανση - Ανειλημμένες υποχρεώσεις,41198.11,20
1018,19/10/16,ΕΓΤΑΑ,Μέτρα Άξονα 2 - ΕΓΤΑΑ,Μέτρο 214 - Σπάνιες φυλές - Ανειλημμένες υποχρεώσεις,377784.08,37
1019,20/10/16,ΕΓΤΕ,Μέτρα Αγοράς,Μεταφορικά νησιών Αιγαίου,8896.64,10
1020,20/10/16,ΕΓΤΕ,Μέτρα Αγοράς,Πρόγραμμα Δραστηριότητας Οργανώσεων Ελαιουργικών Φορέων,202015.59,1
1021,20/10/16,ΕΓΤΑΑ,Μέτρα Άξονα 1 - ΕΓΤΑΑ,Μέτρο 112 - Ανειλημμένες υποχρεώσεις,234375,58
1022,20/10/16,ΕΓΤΑΑ,Μέτρα Άξονα 1 - ΕΓΤΑΑ,Μέτρο 125 - Ανειλημμένες υποχρεώσεις,479649.19,7
1023,20/10/16,ΕΓΤΑΑ,Μέτρα Άξονα 3 - ΕΓΤΑΑ,"Μέτρα 313, 312, 311 - Ανειλημμένες υποχρεώσεις",83250.79,3
1024,20/10/16,ΕΓΤΑΑ,Μέτρα Άξονα 3 - ΕΓΤΑΑ,"Μέτρα 321, 322, 323 - Ανειλημμένες υποχρεώσεις",96786.13,2
1025,21/10/16,ΕΓΤΕ,Μέτρα Αγοράς,Μεταφορικά νησιών Αιγαίου,17040.32,5
1026,21/10/16,ΕΓΤΑΑ,Μέτρα Άξονα 1 - ΕΓΤΑΑ,Μέτρο 112 - Ανειλημμένες υποχρεώσεις,71000,19
1027,21/10/16,ΕΓΤΑΑ,Μέτρα Άξονα 1 - ΕΓΤΑΑ,Μέτρο 125 - Ανειλημμένες υποχρεώσεις,195403.78,3
1028,21/10/16,ΕΓΤΑΑ,Μέτρα Άξονα 1 - ΕΓΤΑΑ,Μέτρο 121 - Ανειλημμένες υποχρεώσεις,519382.41,13
1029,21/10/16,ΕΓΤΑΑ,Μέτρα Άξονα 3 - ΕΓΤΑΑ,"Μέτρα 313, 312, 311 - Ανειλημμένες υποχρεώσεις",178108.59,4
1030,21/10/16,ΕΓΤΑΑ,Μέτρα Άξονα 3 - ΕΓΤΑΑ,"Μέτρα 321, 322, 323 - Ανειλημμένες υποχρεώσεις",279195.76,5
1031,24/10/16,ΕΓΤΕ,Μέτρα Αγοράς,Μεταφορικά νησιών Αιγαίου,3190.2,2
1032,24/10/16,ΕΓΤΑΑ,Μέτρα Άξονα 1 - ΕΓΤΑΑ,Μέτρο 112 - Ανειλημμένες υποχρεώσεις,7125,3
1033,24/10/16,ΕΓΤΑΑ,Μέτρα Άξονα 1 - ΕΓΤΑΑ,Μέτρο 125 - Ανειλημμένες υποχρεώσεις,168373.66,2
1034,24/10/16,ΕΓΤΑΑ,Μέτρα Άξονα 1 - ΕΓΤΑΑ,Μέτρο 132 - Ανειλημμένες υποχρεώσεις,4282.78,7
1035,24/10/16,ΕΓΤΑΑ,Μέτρα Άξονα 1 - ΕΓΤΑΑ,Μέτρο 121 - Ανειλημμένες υποχρεώσεις,47509.6,2
1036,24/10/16,ΕΓΤΑΑ,Μέτρα Άξονα 2 - ΕΓΤΑΑ,Δάσωση - Ανειλημμένες υποχρεώσεις,2020.09,3
1037,24/10/16,ΕΓΤΑΑ,Μέτρα Άξονα 2 - ΕΓΤΑΑ,Μέτρο 214 - Βιολογική κτηνοτροφία - Ανειλημμένες υποχρεώσεις,34977.17,8
1038,24/10/16,ΕΓΤΑΑ,Μέτρα Άξονα 2 - ΕΓΤΑΑ,Μέτρο 214 - Σπάνιες φυλές - Ανειλημμένες υποχρεώσεις,18026,8
1039,25/10/16,ΕΓΤΕ,Μέτρα Αγοράς,Μεταφορικά νησιών Αιγαίου,22455.68,17
1040,25/10/16,ΕΓΤΑΑ,Μέτρα Άξονα 1 - ΕΓΤΑΑ,Μέτρο 123Α - Ανειλημμένες υποχρεώσεις,134751.54,4
1041,25/10/16,ΕΓΤΑΑ,Μέτρα Άξονα 1 - ΕΓΤΑΑ,Μέτρο 112 - Ανειλημμένες υποχρεώσεις,17750,4
1042,25/10/16,ΕΓΤΑΑ,Μέτρα Άξονα 1 - ΕΓΤΑΑ,Μέτρο 125 - Ανειλημμένες υποχρεώσεις,66302.8,1
1043,25/10/16,ΕΓΤΑΑ,Μέτρα Άξονα 2 - ΕΓΤΑΑ,Δάσωση - Ανειλημμένες υποχρεώσεις,83747.27,148
1044,25/10/16,ΕΓΤΑΑ,Μέτρα Άξονα 2 - ΕΓΤΑΑ,Μέτρο 214 - Βιολογική γεωργία - Ανειλημμένες υποχρεώσεις,44.95,1
1045,25/10/16,ΕΓΤΑΑ,Μέτρα Άξονα 2 - ΕΓΤΑΑ,Μέτρο 214 - Βιολογική κτηνοτροφία - Ανειλημμένες υποχρεώσεις,27790.45,10
1046,25/10/16,ΕΓΤΑΑ,Μέτρα Άξονα 2 - ΕΓΤΑΑ,Μέτρο 214 - Νιτρορύπανση - Ανειλημμένες υποχρεώσεις,44106.76,35
1047,25/10/16,ΕΓΤΑΑ,Μέτρα Άξονα 3 - ΕΓΤΑΑ,"Μέτρα 313, 312, 311 - Ανειλημμένες υποχρεώσεις",151892.84,5
1048,25/10/16,ΕΓΤΑΑ,Μέτρα Άξονα 3 - ΕΓΤΑΑ,"Μέτρα 321, 322, 323 - Ανειλημμένες υποχρεώσεις",79025.58,2
1049,26/10/16,ΕΓΤΕ,Άμεσες Ενισχύσεις,Καθεστώς Βασικής Ενίσχυσης 2015,769850562.94,567882
1050,26/10/16,ΕΓΤΕ,Μέτρα Αγοράς,Μεταφορικά νησιών Αιγαίου,7289.6,5
1051,26/10/16,ΕΓΤΑΑ,Μέτρα Άξονα 1 - ΕΓΤΑΑ,Μέτρο 112 - Ανειλημμένες υποχρεώσεις,166125,41
1052,26/10/16,ΕΓΤΑΑ,Μέτρα Άξονα 1 - ΕΓΤΑΑ,Μέτρο 125 - Ανειλημμένες υποχρεώσεις,238905.48,3
1053,26/10/16,ΕΓΤΑΑ,Μέτρα Άξονα 1 - ΕΓΤΑΑ,Μέτρο 132 - Ανειλημμένες υποχρεώσεις,14792.87,16
1054,26/10/16,ΕΓΤΑΑ,Μέτρα Άξονα 2 - ΕΓΤΑΑ,Μέτρο 214 - Βιολογική γεωργία - Ανειλημμένες υποχρεώσεις,177247.04,263
1055,26/10/16,ΕΓΤΑΑ,Μέτρα Άξονα 2 - ΕΓΤΑΑ,Μέτρο 214 - Βιολογική κτηνοτροφία - Ανειλημμένες υποχρεώσεις,119133.69,34
1056,26/10/16,ΕΓΤΑΑ,Μέτρα Άξονα 2 - ΕΓΤΑΑ,Μέτρο 214 - Νιτρορύπανση - Ανειλημμένες υποχρεώσεις,319418.74,287
1057,26/10/16,ΕΓΤΑΑ,Μέτρα Άξονα 3 - ΕΓΤΑΑ,"Μέτρα 313, 312, 311 - Ανειλημμένες υποχρεώσεις",74754.4,2
1058,26/10/16,ΕΓΤΑΑ,Μέτρα Άξονα 3 - ΕΓΤΑΑ,"Μέτρα 321, 322, 323 - Ανειλημμένες υποχρεώσεις",101500,2
1059,26/10/16,Λοιπές Πληρωμές ΕΛΕΓΕΠ,Λοιπές Πληρωμές,Προπληρωμή Οργανισμών Κοινής Ωφελείας,543328.53,1
