"approval_code","business_name","location","prefecture_name_gr","region_name_gr","activity","latitude","longitude"
"EL-85","ΜΟΥΣΤΑΚΑΣ ΘΩΜΑΣ ΤΟΥ ΙΩΑΝΝΗ","Μέγαρα","Δυτικής Αττικής","Αττικής","EPC",37.9952543,23.3417858
"GR-192","ΜΕΓΑ ΦΑΡΜ ΑΕΒΕ","Μέγαρα","Δυτικής Αττικής","Αττικής","EPC",37.997040,23.344191
"GR-203","ΣΠΥΡΙΔ. ΓΕΡΟΔΗΜΟΥ","Γαλαξίδι","Φωκίδας","Στερεάς Ελλάδας","EPC",38.3775349,22.3829923
"GR-170","ΒΑΣ. ΚΑΡΑΓΙΑΝΝΗΣ","Τεγέα","Αρκαδίας","Πελοποννήσου","EPC",37.4945332,22.3801079
"GR-190","ΚΩΝ. ΚΑΜΠΥΛΗΣ","Άστρος Κυνουρίας","Αρκαδίας","Πελοποννήσου","EPC",37.4048259,22.7196809
"GR-228","ΝΙΚ. ΚΟΜΠΟΥΛΗΣ","Μέγαρα","Δυτικής Αττικής","Αττικής","EPC",37.9952543,23.3417858
"GR-229","ΔΗΜΗΤΡΙΟΣ ΡΟΥΣΣΟΣ","Ασπρόπυργος","Δυτικής Αττικής","Αττικής","EPC",38.0613716,23.5913013
"GR-236","ΑΛΕΞ. ΜΑΛΤΕΖΟΣ","Μέγαρα","Δυτικής Αττικής","Αττικής","EPC",37.9952543,23.3417858
"GR-237","ΑΘΑΝΑΣΙΟΣ ΠΡΟΙΣΚΟΣ","Μέγαρα","Δυτικής Αττικής","Αττικής","EPC",37.9952543,23.3417858
"GR-252","ΓΚΟΣΔΗΣ ΔΗΜΗΤΡΙΟΣ ΤΟΥ ΓΕΩΡΓΙΟΥ","Μέγαρα","Δυτικής Αττικής","Αττικής","EPC",37.9952543,23.3417858
"GR-253","ΜΩΛΟΣ Ε. ΠΡΟΚΟΠΗΣ  & ΜΠΕΗΣ Π. ΛΟΥΚΑΣ","Μέγαρα","Δυτικής Αττικής","Αττικής","EPC",37.9952543,23.3417858
"GR-254","ΚΑΡΒΕΛΑΣ Α.ΙΩΑΝΝΗΣ","Μέγαρα","Δυτικής Αττικής","Αττικής","EPC",37.9952543,23.3417858
"GR-255","ΣΤΑΜΕΛΟΣ Σ.ΚΩΝ/ΝΟΣ","Μέγαρα","Δυτικής Αττικής","Αττικής","EPC",37.9952543,23.3417858
"GR-256","ΑΘΑΝΑΣΙΟΣ ΓΙΑΝΝΙΚΟΣ","Ασπρόπυργος","Δυτικής Αττικής","Αττικής","EPC",38.0613716,23.5913013
"GR-109","ΣΥΝ.ΠΤΗΝΟΤΡΟΦΩΝ ΜΕΓΑΡΩΝ","Μέγαρα","Δυτικής Αττικής","Αττικής","EPC",37.989546,23.347102
"GR-257","ΒΟΥΔΟΥΡΗΣ ΓΕΩΡΓΙΟΣ & ΝΙΚΟΛΑΟΣ","Μέγαρα","Δυτικής Αττικής","Αττικής","EPC",37.9952543,23.3417858
"GR-264","ΜΟΥΣΤΑΚΑΣ  ΙΩΑΝΝΗΣ","Μέγαρα","Δυτικής Αττικής","Αττικής","EPC",37.9952543,23.3417858
"GR-265","ΜΑΥΡΟΕΙΔΗΣ ΑΓΓΕΛΟΣ","Μέγαρα","Δυτικής Αττικής","Αττικής","EPC",37.9952543,23.3417858
"GR-266","ΚΡΕΖΙΑ ΜΑΡΙΑ","Μέγαρα","Δυτικής Αττικής","Αττικής","EPC",37.9952543,23.3417858
"GR-267","ΜΠΟΥΡΗ ΕΛΕΝΗ συζ. ΔΗΜΗΤΡΙΟΥ","Μέγαρα","Δυτικής Αττικής","Αττικής","EPC",37.9952543,23.3417858
"GR-268","ΛΟΥΚΑΣ ΙΩΑΝ.ΤΟΥ ΧΑΡ.ΚΑΙ ΛΟΥΚΑΣ ΧΑΡ. ΤΟΥ ΙΩΑΝ.","Μέγαρα","Δυτικής Αττικής","Αττικής","EPC",37.9952543,23.3417858
"GR-269","ΒΟΡΔΟΣ ΝΙΚΟΛΑΟΣ","Μέγαρα","Δυτικής Αττικής","Αττικής","EPC",37.9952543,23.3417858
"GR-270","ΜΟΥΣΤΑΚΑΣ ΔΗΜΗΤΡΙΟΣ ΤΟΥ ΑΝΤΩΝΙΟΥ","Μέγαρα","Δυτικής Αττικής","Αττικής","EPC",37.9952543,23.3417858
"GR-271","ΙΩΑΝΝΟΥ ΝΙΚΟΛΑΟΣ ΤΟΥ ΙΩΑΝΝΗ","Μέγαρα","Δυτικής Αττικής","Αττικής","EPC",37.9952543,23.3417858
"GR-272","ΜΩΡΑΚΕΑΣ ΣΑΡΑΝΤΟΣ","Μέγαρα","Δυτικής Αττικής","Αττικής","EPC",37.9952543,23.3417858
"GR-273","ΧΡΥΣΟΥΛΑΚΗΣ ΓΕΩΡΓΙΟΣ ΤΟΥ ΗΛΙΑ","Μέγαρα","Δυτικής Αττικής","Αττικής","EPC",37.9952543,23.3417858
"GR-32","ΠΟΠΩΝΗΣ ΔΙΟΝΥΣΗΣ & ΣΙΑ Ο.Ε.","Μέγαρα","Δυτικής Αττικής","Αττικής","EPC",37.9952543,23.3417858
"GR-227","ΙΩΑΝΝΗΣ ΧΡΥΣΑΦΟΣ","Αυλώνα","Ανατολικής Αττικής","Αττικής","EPC",35.774237,27.1812685
"GR-25","ΒΛΑΧΑΚΗΣ Α.Π.Ε.Ε","Θήβα","Βοιωτίας","Στερεάς Ελλάδας","EPC",38.3200705,23.3175613
"GR-222","ΑΝΤΩΝΙΑ ΛΑΜΠΡΙΝΟΥΔΗ","Δαφνώνας","Χίου","Βορείου Αιγαίου","EPC",41.2184974,24.6704884
"GR-223","ΕΛΕΥΘΕΡΙΑ ΜΑΡΚΑΝΤΩΝΑΚΗ","Ακρωτήρι","Χανίων","Κρήτης","EPC",37.984052,24.4714596
"GR-224","ΙΩΑΝΝΗΣ ΣΚΑΡΜΟΥΤΣΟΣ","Δομοκός","Φθιώτιδας","Στερεάς Ελλάδας","EPC",39.1272636,22.3015629
"GR-214","ΓΕΩΡΓΙΟΣ ΣΚΛΙΑΣ","Ισθμός","Κορινθίας","Πελοποννήσου","EPC",37.9262453,22.9943285
"GR-217","ΓΕΩΡΓΙΟΣ ΣΙΓΑΝΟΣ","Ασπρόγιες","Μαγνησίας","Θεσσαλίας","EPC",38.6315423,22.9999066259835
"GR-241","ΚΩΝ.ΤΣΙΜΠΡΑΓΟΣ ΑΕ","Γωνιές","Ηρακλείου","Κρήτης","EPC",35.294712,24.9275925
"GR-216","ΣΠΥΡΙΔΩΝ ΓΙΑΝΝΑΚΟΥΛΗΣ","Φίχτι","Αργολίδας","Πελοποννήσου","EPC",37.7231661,22.724921
"GR-221","ΠΕΤΡΟΣ ΖΑΡΓΑΝΗΣ","Αυλωνάρι","Ευβοίας","Στερεάς Ελλάδας","EPC",38.5033257,24.1228349
"GR-220","ΕΥΑΓΓΕΛΟΣ ΜΟΥΣΤΑΚΑΣ","Βελεστίνο","Μαγνησίας","Θεσσαλίας","EPC",39.3810537,22.7458478
"GR-231","ΙΩΑΝΝΗΣ ΛΑΜΠΟΥ","Κάλυμνος","Δωδεκανήσων","Νοτίου Αιγαίου","EPC",36.9515787,26.9820732
"GR-219","ΓΕΡΟΥΛΗΣ ΙΩΑΝΝΗΣ","Φίχτι","Αργολίδας","Πελοποννήσου","EPC",37.7231661,22.724921
"GR-242","ΓΕΩΡΓΙΑ ΑΤΣΑΛΗ","Κάμπος","Χίου","Βορείου Αιγαίου","EPC",36.9384565,22.2025305
"GR-258","ΜΠΕΗΣ ΛΟΥΚΑΣ ΤΟΥ ΙΩΑΝΝΗ","Μέγαρα","Δυτικής Αττικής","Αττικής","EPC",37.9952543,23.3417858
"GR-263","ΜΑΝΩΛΗΣ ΕΜΜ.& ΑΛΕΞ.","Μέγαρα","Δυτικής Αττικής","Αττικής","ΕΡC",37.9952543,23.3417858
"GR-33","ΚΩΝΣΤΑΝΤΙΝΑ ΒΑΡΕΛΑ","Μέγαρα","Δυτικής Αττικής","Αττικής","EPC",37.9952543,23.3417858
"GR-105","ΙΩΑΝΝΗΣ ΠΟΜΩΝΗΣ","Μέγαρα","Δυτικής Αττικής","Αττικής","EPC",37.9952543,23.3417858
"GR-116","Ε. ΧΡΥΣΟΥΛΑΚΗ & ΣΙΑ ΕΕ","Μέγαρα","Δυτικής Αττικής","Αττικής","EPC",37.9952543,23.3417858
"GR-117","ΚΩΝ.ΜΟΥΡΤΖΟΥΚΟΣ","Μέγαρα","Δυτικής Αττικής","Αττικής","EPC",37.9952543,23.3417858
"GR-120","ΕΛΕΝΗ ΜΑΛΤΕΖΟΥ","Μέγαρα","Δυτικής Αττικής","Αττικής","EPC",37.9952543,23.3417858
"GR-124","ΜΕΓΑΡΙΚΗ ΦΑΡΜΑ ΑΕΒΕ","Μέγαρα","Δυτικής Αττικής","Αττικής","EPC",37.9952543,23.3417858
"GR-175","ΕΛΕΝΗ ΒΟΓΙΑΤΖΗ & ΠΑΠΑΓΓΕΛΗΣ ΔΗΜΗΤΡΙΟΣ","Μέγαρα","Δυτικής Αττικής","Αττικής","EPC",37.9952543,23.3417858
"GR-35","ΑΦΟΙ ΒΑΡΕΛΑ - ΜΠΟΥΡΑΖΕΡΗ","Μέγαρα","Δυτικής Αττικής","Αττικής","EPC",37.9952543,23.3417858
"GR-260","ΑΥΓΟΚΙΝΗΣΗ - ΣΤΑΘΑΚΟΠΟΥΛΟΣ Κ.","Ξυλόκαστρο","Κορινθίας","Πελοποννήσου","EPC",38.0780064,22.6314703
"GR-39","ΕΥΡΩΠΤΗΝΟΤΡΟΦΙΚΗ","Εξαμίλια","Κορινθίας","Πελοποννήσου","EPC",37.8971118,22.9279209
"GR-26","Σ. ΠΑΠΑΓΙΑΝΝΗΣ Α.Ε.","Σχηματάρι","Βοιωτίας","Στερεάς Ελλάδας","EPC",38.3457436,23.5816932
"GR-66","ΝΙΚΟΛΑΟΣ ΝΙΚΟΛΑΟΥ","Θήβα","Βοιωτίας","Στερεάς Ελλάδας","EPC",38.3200705,23.3175613
"GR-30","ΧΡ.&ΣΠ. ΠΑΠΑΒΑΣΙΛΕΙΟΥ","Κλειδωνιά, Κόνιτσα","Ιωαννίνων","Ηπείρου","EPC",39.9744444,20.6811111
"GR-34","ΑΛΕΞ. ΓΕΩΡΓΙΑΔΗΣ","Δωδώνη","Ιωαννίνων","Ηπείρου","EPC",39.5434492,20.7724963
"GR-262","ΑΥΓΟΔΙΑΤΡΟΦΙΚΗ ΑΕ","Νέα Σάντα, Κιλκίς","Ευρυτανίας","Στερεάς Ελλάδας","EPC",40.842266,22.9204109
"GR-274","ΙΩΑΝΝΗΣ ΜΑΡΤΙΝΟΥ","Μαλεσίνα","Φθιώτιδας","Στερεάς Ελλάδας","ΕΡC",38.6220084,23.2318389
"GR-63","ΑΥΓΟΠΑΡΑΓΩΓΙΚΗ ΚΡΗΤΗΣ Ν.ΣΥΝΤΙΧΑΚΗΣ ΑΕ","Πεδιάδα","Ηρακλείου","Κρήτης","EPC",35.1255567,25.2811279789014
"GR-27","ΓΕΩΡΓΙΟΣ ΠΟΛΙΤΗΣ","Μάγειρας","Ηλείας","Δυτικής Ελλάδας","EPC",38.2475793,21.9670272
"GR-40","ΔΗΜΗΤΡΑ ΜΠΟΥΡΟΥΣΗ","Μέλισσα","Καρδίτσας","Θεσσαλίας","EPC",39.29269405,24.0904154089834
"GR-67","ΑΦΟΙ ΤΣΙΦΤΣΗ ΟΕ","Καρυδίτσα","Κοζάνης","Δυτικής Μακεδονίας","EPC",40.2512422,21.7987268
"GR-261","ΚΟΚΟΛΑΚΗΣ ΙΩΑΝΝΗΣ","Μύλοι","Ρεθύμνου","Κρήτης","EPC",35.3384101,24.5036841
"GR-92","ΓΡΗΓΟΡΙΟΣ ΤΖΗΚΑΣ","Λιβαδερό","Κοζάνης","Δυτικής Μακεδονίας","EPC",41.2838126,24.2090439
"GR-82","ΚΑΡΣΑΚΗΣ ΑΕΒΕ","Μέγαρα","Δυτικής Αττικής","Αττικής","EPC",37.9952543,23.3417858
"GR-86","ΙΩΑΝΝΗΣ ΜΗΤΣΟΣ & ΝΙΚΟΛΑΟΣ ΜΗΤΣΟΣ","Μέγαρα","Δυτικής Αττικής","Αττικής","EPC",37.9952543,23.3417858
"ΕL-285","ΝΑΤΣΟΥΛΗΣ ΧΑΡΑΛΑΜΠΟΣ","Ορεστίδος","Καστοριάς","Δυτικής Μακεδονίας","EPC",40.40527695,21.2158083709091
"GR-96","ΑΡΙΣΤΕΙΔΗΣ ΛΑΔΑΚΗΣ ΑΕ","Ρέθυμνο","Ρεθύμνου","Κρήτης","EPC",35.3676472,24.4736079
"EL-108","ΖΟΥΡΑΣ ΦΑΡΜ Α.Ε.","Αμφιτρίτη","Έβρου","Ανατολικής Μακεδονίας και Θράκης","EPC",40.8913067,25.9181552
"EL-103","ΒΑΣΙΛΙΚΗ ΖΗΣΕΚΑ ΣΤΕΡΓΙΟΥ","Βεργίνα","Ημαθίας","Κεντρικής Μακεδονίας","EPC",40.4871136,22.3172749
"EL-104","ΠΑΝ.ΚΥΡΙΑΖΟΠΟΥΛΟΣ","Αλεξάνδρεια","Ημαθίας","Κεντρικής Μακεδονίας","EPC",40.6280768,22.4440736
"EL-160","ΚΑΛΩΝΗΣ ΠΑΡΙΣΗΣ","Ωραιόκαστρο","Θεσσαλονίκης","Κεντρικής Μακεδονίας","EPC",39.9872013,20.5520244
"EL-234","ΓΕΩΡΓΙΟΣ ΕΥΘΥΜΟΓΛΟΥ","Νέα Μαγνησία","Θεσσαλονίκης","Κεντρικής Μακεδονίας","EPC",35.3782103,24.6069015
"EL-280","ΤΣΙΟΥΡΗΣ ΧΡΗΣΤΟΣ","Ωραιόκαστρο","Θεσσαλονίκης","Κεντρικής Μακεδονίας","ΕPC",39.9872013,20.5520244
"EL-283","ΜΑΤΘΑΙΟΥ ΕΥΣΤΡΑΤΙΟΣ  - ΚΑΣΑΡΗ ΑΣΠΑΣΙΑ","Ωραιόκαστρο","Θεσσαλονίκης","Κεντρικής Μακεδονίας","EPC",39.9872013,20.5520244
"GR-77","ΘΡΑΚΗ ΦΑΡΜΑ","Διδυμότειχο","Έβρου","Ανατολικής Μακεδονίας και Θράκης","EPC",41.3494805,26.4970139
"EL-130","ΥΙΟΙ Γ.ΣΥΡΑΝΙΔΗ Ο.Ε.","Πλατανάκια Πιερίας","Πιερίας","Κεντρικής Μακεδονίας","EPC",40.1638254,22.4910311
"EL-225","ΧΡΗΣΤΟΣ ΤΖΕΓΚΑΣ","Άνω Πορόια","Σερρών","Κεντρικής Μακεδονίας","EPC",41.2856375,23.0359856
"GR-8","ΠΑΣΧΑΛΗΣ ΠΡΑΒΙΤΑΣ","Πρώτη, Σέρρες","Σερρών","Κεντρικής Μακεδονίας","EPC",40.944358,24.000588
"GR-79","ΑΦΟΙ ΧΑΤΖΗΓΙΑΝΝΑΚΗ ΟΕ","Ωροπός","Ανατολικής Αττικής","Αττικής","EPC",38.3029045,23.7535388
"GR-259","ΣΙΣΚΟΣ ΘΩΜΑΣ","Φάρσαλα","Λαρίσης","Θεσσαλίας","EPC",39.2949611,22.384792
"GR-84","ΠΑΠΠΑΣ Α.Ε.","Ριτσώνα","Ευβοίας","Στερεάς Ελλάδας","EPC",38.4100374,23.5236338
"GR-50","ΑΜΕΡΙΚΑΝΙΚΗ ΓΕΩΡΓΙΚΗ ΣΧΟΛΗ","Πυλαία","Θεσσαλονίκης","Κεντρικής Μακεδονίας","EPC",40.571694,22.988215
"GR-54","ΑΥΓΟΦΑΡΜ Α.Ε","Νεοχωρούδα","Θεσσαλονίκης","Κεντρικής Μακεδονίας","EPC",40.737741,22.876598
"GR-78","ΠΤΗΝΟΤΡΟΦΕΙΑ ΡΟΔΟΥ ΑΛΕΞΑΝΔΡΟΣ ΜΠΟΥΚΛΑΣ & ΣΙΑ Ο.Ε.","Καλλιθέα, Ρόδος","Δωδεκανήσων","Νοτίου Αιγαίου","EPC",36.385468,28.198255
"GR-90","ΥΙΟΙ Ι.ΠΑΠΑΠΟΣΤΟΛΟΥ & ΣΙΑ Ο.Ε.","Σαλακός, Ρόδος","Δωδεκανήσων","Νοτίου Αιγαίου","EPC",36.2896251,27.9434229
"EL-36","ΠΤΗΝΟΤΡΟΦΕΙΑ ΑΦΟΙ ΚΥΡΙΑΚΙΔΗ Α.Ε","Λαγός","Ξάνθης","Ανατολικής Μακεδονίας και Θράκης","EPC",35.2518092,25.3353063
"GR-88","ΝΙΚΟΛΑΟΣ ΚΑΡΤΖΙΑΣ","Νεοχωρούδα","Θεσσαλονίκης","Κεντρικής Μακεδονίας","EPC",40.7375617,22.876048
"GR-12","ΠΤ/ΚΟΣ ΣΥΝ. ΑΝ. ΜΑΚ/ΝΙΑΣ - ΘΡΑΚΗΣ","Πρώτη, Σέρρες","Σερρών","Κεντρικής Μακεδονίας","EPC",40.944358,24.000588
"GR-218","ΤΕΝΕΚΕΤΖΗΣ ΠΑΣΧ. & ΠΑΝΑΓ. Ο.Ε.","Μικρό Σούλι, Σέρρες","Σερρών","Κεντρικής Μακεδονίας","EPC",40.8909741,23.9430924
"GR-226","ΦΙΛΙΠΠΟΣ ΜΑΜΤΖΕΡΗΣ","Σέρρες","Σερρών","Κεντρικής Μακεδονίας","EPC",41.0910711,23.5498031
"GR-232","ΑΦΟΙ ΠΑΤΑΚΑ","Νιγρίτα","Σερρών","Κεντρικής Μακεδονίας","EPC",40.9077332,23.5007337
"GR-149","ΚΩΝ. ΚΑΛΑΙΤΖΑΚΗΣ & ΣΙΑ ΟΕ","Μαρκόπουλο","Ανατολικής Αττικής","Αττικής","EPC",37.8831015,23.9328354
"GR-181","ΕΥΑΓ. & ΣΠΥΡΙΔΩΝ ΚΑΛΥΒΑΣ","Αυλώνα","Ανατολικής Αττικής","Αττικής","EPC",35.774237,27.1812685
"GR-233","Π. ΣΚΟΥΡΤΗ ΑΒΕΕ","Χιλιομόδι","Κορινθίας","Πελοποννήσου","EPC",37.3069553,26.6042034571465
"GR-163","ΓΕΩΡΓΙΟΣ ΜΑΝΩΛΑΣ","Μελισσοχώρι","Λαρίσης","Θεσσαλίας","EPC",38.2658202,23.2353541
"GR-230","Θ. ΡΟΥΝΗΣ - Α. ΦΑΚΛΑΡΗΣ Ο.Ε.","Άστρος Κυνουρίας","Αρκαδίας","Πελοποννήσου","EPC",37.4048259,22.7196809
"GR-193","ΑΛΕΠΟΥΔΗ Α.Ε.","Ανθεμούντας","Χαλκιδικής","Κεντρικής Μακεδονίας","EPC",40.4840608,23.126419
"GR-199","ΚΡΟΚΟΣ ΠΤΗΝΟΤΡΟΦΙΚΕΣ ΕΠΙΧΕΙΡΗΣΕΙΣ Α.Ε.","Μαυρονέρι","Ευρυτανίας","Στερεάς Ελλάδας","EPC",41.0603835,22.7970173
"GR-200","ΑΦΟΙ ΔΙΓΚΑΛΗ ΑΕ ΜΑΚΕΔΟΝΙΚΑ ΑΥΓΑ ΑΕ","Μαυρονέρι","Ευρυτανίας","Στερεάς Ελλάδας","EPC",41.0603835,22.7970173
"GR-201","ΠΤΗΝΟΤΡΟΦΕΙΑ ΗΛΙΑΔΗ ΑΕ","Μαυρονέρι","Ευρυτανίας","Στερεάς Ελλάδας","EPC",41.0603835,22.7970173
"GR-202","ΚΑΡΤΖΙΑΣ Γ. ΑΝΑΠΤ. ΝΕΟΣΣΩΝ ΠΑΡΑΓ. & ΕΜΠΟΡΙΑ","Μαυρονέρι","Ευρυτανίας","Στερεάς Ελλάδας","EPC",41.0603835,22.7970173
"GR-31","ΠΑΥΛΟΣ ΜΑΓΕΙΡΟΣ","Μαρκόπουλο","Ανατολικής Αττικής","Αττικής","EPC",37.8831015,23.9328354
"GR-207","ΑΛ. Γ. ΔΗΜΟΠΟΥΛΟΣ","Αίγινα","Πειραιώς και Νήσων","Αττικής","EPC",37.72424645,23.4924317518985
"GR-56","ΒΑΣ. & ΚΩΝ.  ΠΑΠΑΘΑΝΑΣΙΟΥ","Μέγαρα","Δυτικής Αττικής","Αττικής","EPC",37.9952543,23.3417858
"EL-307","ΚΑΛΑΚΩΝΑ ΣΟΦΙΑ","Παροικιά, Πάρος","Κυκλάδων","Νοτίου Αιγαίου","EPC",37.0842378,25.1503978
"EL-305","ΧΑΣΤΑΣ ΔΗΜΗΤΡΙΟΣ","Διμήνι","Μαγνησίας","Θεσσαλίας","EPC",39.3578028,22.8930209
"EL-309","ΓΚΟΥΤΖΑΜΠΑΣΟΥΛΗ ΦΑΝΗ του ΙΩΑΝΝΗ","Γλαύκη, Κιλελέρ","Λαρίσης","Θεσσαλίας","EPC",39.6126369,22.57492
"EL-302","ΒΟΥΛΓΑΡΗ ΕΛΕΝΗ","Λαγκαδάς","Θεσσαλονίκης","Κεντρικής Μακεδονίας","EPC",40.7499952,23.0667613
"GR-65","Ι. ΡΗΓΑΣ","Μέγαρα","Δυτικής Αττικής","Αττικής","EPC",37.9952543,23.3417858
"GR-68","ΑΝΑΣΤ.ΣΑΚΕΛΛΑΡΗΣ","Ερυθρές","Δυτικής Αττικής","Αττικής","EPC",38.2165099,23.3219271
"GR-75","ΒΑΣΙΛΙΚΗ ΔΟΥΚΑ","Μέγαρα","Δυτικής Αττικής","Αττικής","EPC",37.9952543,23.3417858
"GR-91","ΔΗΜΗΤΡΙΟΣ ΝΙΚΟΛΑΟΥ","Μέγαρα","Δυτικής Αττικής","Αττικής","EPC",37.9952543,23.3417858
"EL-286","ΙΩΑΝΝΗΣ Π. ΤΣΑΚΙΡΗΣ","Ωραιόκαστρο","Θεσσαλονίκης","Κεντρικής Μακεδονίας","EPC",39.9872013,20.5520244
"EL-287","ΤΣΑΚΙΡΗΣ ΑΝΩΝΥΜΗ ΕΤΑΙΡΕΙΑ ΠΑΡΑΓΩΓΗΣ ΚΑΙ ΕΜΠΟΡΙΑΣ ΤΡΟΦΙΜΩΝ δ.τ.TSAKIRIS FAMILY A.E.","Ωραιόκαστρο","Θεσσαλονίκης","Κεντρικής Μακεδονίας","EPC",39.9872013,20.5520244
"EL-292","ΚΟΤΑΝΙΔΗΣ ΠΑΝΑΓΙΩΤΗΣ","Αρεθούσα","Θεσσαλονίκης","Κεντρικής Μακεδονίας","EPC",37.6124857,26.2127909
"EL-297","ΑΦΟΙ ΛΑΒΙΔΑ","Νεοχωρούδα","Θεσσαλονίκης","Κεντρικής Μακεδονίας","EPC",40.7375617,22.876048
"EL-299","ΤΡΑΪΚΟΥΔΗΣ ΕΥΑΓΓΕΛΟΣ","Ωραιόκαστρο","Θεσσαλονίκης","Κεντρικής Μακεδονίας","EPC",39.9872013,20.5520244
"EL-306","ΚΟΙΝΩΝΙΑ ΚΛΗΡΟΝΟΜΩΝ ΚΑΣΕΜ ΜΩΧΑΜΑΝΤ","Νεοχωρούδα","Θεσσαλονίκης","Κεντρικής Μακεδονίας","EPC",40.7375617,22.876048
"EL-69","ΧΡΗΣΤΟΣ ΚΑΣΑΡΗΣ","Ωραιόκαστρο","Θεσσαλονίκης","Κεντρικής Μακεδονίας","EPC",39.9872013,20.5520244
"GR-81","ΑΦΟΙ ΛΑΒΙΔΑ","Ωραιόκαστρο","Θεσσαλονίκης","Κεντρικής Μακεδονίας","EPC",39.9872013,20.5520244
"GR-60","ΧΡΗΣΤΟΣ ΠΑΡΙΑΝΟΣ","Κορωπί","Ανατολικής Αττικής","Αττικής","EPC",37.8997648,23.8736294
"GR-64","ΠΑΠΑΝΙΚΟΛΑΟΥ ΕΛΛΗ","Κορωπί","Ανατολικής Αττικής","Αττικής","EPC",37.8997648,23.8736294
"GR-71","ΑΦΟΙ ΚΟΝΤΟΓΙΑΝΝΗ Ο.Ε.","Αυλώνα","Ανατολικής Αττικής","Αττικής","EPC",35.774237,27.1812685
"EL-106","ΑΦΟΙ ΜΟΥΣΤΑΚΑ - ΙΕΡΟΘΕΟΣ & ΧΡΗΣTΟΣ","Μέγαρα","Δυτικής Αττικής","Αττικής","EPC",37.9952543,23.3417858
"EL-19","ΠΕΓΚΟΣ ΕΥΑΓΓΕΛΟΣ-ΠΕΓΚΟΣ ΧΡΗΣΤΟΣ ΟΕ (PEG FARM)","Μέγαρα","Δυτικής Αττικής","Αττικής","EPC",37.9952543,23.3417858
"EL-102","ΑΝΤΩΝΙΟΣ ΧΑΤΖΗΝΩΤΑΣ","Νάουσα","Ημαθίας","Κεντρικής Μακεδονίας","EPC",40.6306515,22.0698076
"EL-195","ΘΕΟΧΑΡΗΣ ΜΑΝΙΤΑΡΑΣ ΚΑΙ ΣΙΑ Ε.Ε.","Μαλανδρίνο","Φωκίδας","Στερεάς Ελλάδας","EPC",38.4563865,22.2372396
"EL-276","ΦΩΤΙΟΣ ΚΟΝΤΟΓΙΑΝΝΗΣ ΤΟΥ ΑΝΑΣΤΑΣΙΟΥ","Χανίων 1Γ, Λυκόβρυση","Ανατολικής Αττικής","Αττικής","EPC",38.0538913,23.779628
"EL-301","ΑΝΔΡΕΟΥ ΙΩΑΝΝΗΣ","Αγίας Μαρίνας 51, Μαραθώνας","Ανατολικής Αττικής","Αττικής","EPC",38.0615796,23.9838291
"EL-281","ΠΑΠΑΔΟΠΟΥΛΟΣ ΔΗΜΗΤΡΙΟΣ","Φίχτι","Αργολίδας","Πελοποννήσου","EPC",37.7231661,22.724921
"EL-282","ΠΑΠΑΔΟΠΟΥΛΟΣ ΙΩΑΝΝΗΣ ΤΟΥ ΔΗΜΗΤΡΙΟΥ","Σχινοχώρι","Αργολίδας","Πελοποννήσου","EPC",37.6787395,22.6241681
"EL-293","ΔΑΝΟΠΟΥΛΟΣ ΙΩΑΝΝΗΣ","Φίχτι","Αργολίδας","Πελοποννήσου","EPC",37.7231661,22.724921
"EL-298","ΜΑΝΕΝΤΗΣ ΔΙΟΝΥΣΙΟΣ","Αργοστόλι","Κεφαλληνίας","Ιονίων νήσων","EPC",38.1735424,20.4878219
"GR-176","ΚΩΝ. ΠΟΛΥΧΡΟΝΑΚΗΣ","Μέγαρα","Δυτικής Αττικής","Αττικής","EPC",37.9952543,23.3417858
"GR-179","ΧΡ. & ΠΑΝ. ΚΟΥΡΣΟΣ","Μέγαρα","Δυτικής Αττικής","Αττικής","EPC",37.9952543,23.3417858
"GR-18","ΑΛΕΞΑΝΔΡΟΣ ΒΑΚΑΚΗΣ","Μέγαρα","Δυτικής Αττικής","Αττικής","EPC",37.9952543,23.3417858
"GR-185","Ι. & ΑΘ. ΚΥΡΙΑΚΟΥΛΗΣ","Μέγαρα","Δυτικής Αττικής","Αττικής","EPC",37.9952543,23.3417858
"GR-187","ΗΛΙΑΣ ΜΑΚΡΥΓΙΑΝΝΗΣ","Άγιοι Θεόδωροι","Δυτικής Αττικής","Αττικής","EPC",37.3147034,21.9604261
"GR-189","ΜΑΝΩΛΗΣ ΧΑΡΑΛΑΜΠΟΣ","Μέγαρα","Δυτικής Αττικής","Αττικής","EPC",37.9952543,23.3417858
"EL-304","ΚΩΝΣΤΑΝΤΑΤΟΣ ΑΝΑΣΤΑΣΙΟΣ","Αργοστόλι","Κεφαλληνίας","Ιονίων νήσων","EPC",38.1735424,20.4878219
"EL-303","ΠΤΗΝΟΤΡΟΦΙΚΗ ΝΑΞΟΥ","Νάξος","Κυκλάδων","Νοτίου Αιγαίου","EPC",37.0598621,25.470834497202
"GR-141","ΒΕΝΙΖΕΛΟΣ ΙΩΑΝΝΗΣ & ΣΙΑ ΟΕ","Θήβα","Βοιωτίας","Στερεάς Ελλάδας","EPC",38.3200705,23.3175613
"GR-143","ΙΩΑΝΝΗΣ ΣΚΟΥΜΑΣ","Θήβα","Βοιωτίας","Στερεάς Ελλάδας","EPC",38.3200705,23.3175613
"GR-15","Μ.ΛΙΣΓΑΡΑΣ-Η.ΤΣΙΟΥΡΗΣ Ο.Ε.","Κατσικάς, Ιωάννινα","Ιωαννίνων","Ηπείρου","EPC",39.6220898,20.8860855
"GR-16","ΠΤΗΝΟΤΡΟΦΙΚΗ ΙΩΑΝΝΙΝΩΝ","Μπιζάνι, Ιωάννινα","Ιωαννίνων","Ηπείρου","EPC",39.5669038,20.8885698
"EL-308","FARM SERVICES O.E.","Γιάννουλη","Λαρίσης","Θεσσαλίας","EPC",39.6660996,22.3957245
"EL-235","ΔΡΙΤΣΑΣ ΕΜΜΑΝΟΥΗΛ ΤΟΥ ΓΕΩΡΓΙΟΥ ΚΑΙ ΔΡΙΤΣΑ ΕΛΕΥΘΕΡΙΑ ΣΥΖ. ΕΜΜΑΝΟΥΗΛ","Μέγαρα","Δυτικής Αττικής","Αττικής","EPC",37.9952543,23.3417858
"EL-245","ΠΑΝΑΓΙΩΤΗΣ ΟΙΚΟΝΟΜΟΥ","Μέγαρα","Δυτικής Αττικής","Αττικής","EPC",37.9952543,23.3417858
"EL-275","ΑΦΟΙ ΠΟΛΥΧΡΟΝΑΚΗ ΤΟΥ ΠΟΛΥΧΡΟΝΗ","Μέγαρα","Δυτικής Αττικής","Αττικής","EPC",37.9952543,23.3417858
"EL-295","ΦΑΡΜΑ ΚΑΤΕΡΙΝΑ Α. Ε.","Μάνδρα","Δυτικής Αττικής","Αττικής","EPC",38.0743296,23.4972606
"EL-300","ΠΑΠΑΘΑΝΑΣΙΟΥ ΚΩΝ/ΝΟΣ","Μέγαρα","Δυτικής Αττικής","Αττικής","EPC",37.9952543,23.3417858
"GR-125","ΙΕΡ. & ΧΡ. ΜΟΥΣΤΑΚΑΣ","Μέγαρα","Δυτικής Αττικής","Αττικής","EPC",37.9952543,23.3417858
"GR-133","ΣΠ. & ΔΗΜ. ΒΑΣΙΛΕΙΟΥ","Μέγαρα","Δυτικής Αττικής","Αττικής","EPC",37.9952543,23.3417858
"GR-14","ΠΤΗΝΕΚ Α.Ε","Μέγαρα","Δυτικής Αττικής","Αττικής","EPC",37.9952543,23.3417858
"GR-142","ΠΑΤΣΙΡΗΣ ΠΑΝΑΓΙΩΤΗΣ & ΣΤΕΦΑΝΟΣ","Πετρούνι","Δυτικής Αττικής","Αττικής","ΕΡC",36.3207722,22.934567
"GR-152","ΡΟΥΜΕΛΙΩΤΗΣ ΣΑΒΒΑΣ","Ελευσίνα","Δυτικής Αττικής","Αττικής","ΕΡC",38.047608,23.5348663
"GR-162","ΖΑΧΑΡΙΑΣ ΙΕΡ.& ΚΩΝ.","Μέγαρα","Δυτικής Αττικής","Αττικής","EPC",37.9952543,23.3417858
"GR-173","ΜΑΥΡΟΝΑΣΙΟΣ ΓΕΩΡΓΙΟΣ & ΙΩΑΝΝΗΣ","Μέγαρα","Δυτικής Αττικής","Αττικής","ΕΡC",37.9952543,23.3417858
"EL-277","ΜΑΓΔΑΛΗΝΗ ΝΗΣΙΩΤΗ","Πεταλούδες","Δωδεκανήσων","Νοτίου Αιγαίου","ΕPC",36.3388467,28.060294
"EL-289","Π. ΝΙΚΟΛΙΝΑΚΟΣ - Ι. ΛΕΜΠΕΣΗΣ ΚΑΙ ΣΙΑ ΕΕ","Απιδέα","Λακωνίας","Πελοποννήσου","EPC",36.8817212,22.7979033
"EL-278","ΚΑΤΣΑΜΠΟΥΚΑΣ ΖΗΣΙΜΟΣ","Σοφικό","Κορινθίας","Πελοποννήσου","ΕPC",41.4190013,26.5610102
"EL-294","ΚΟΝΤΟΣ Ε. ΠΕΤΡΟΣ","Πλατανά","Λακωνίας","Πελοποννήσου","EPC",37.290807,21.9411009
"EL-296","ΓΚΟΛΕΜΗΣ ΧΡΗΣΤΟΣ","Παλαιοπαναγιά","Λακωνίας","Πελοποννήσου","EPC",36.9803289,22.4413029
"EL-279","ΨΑΡΙΑΝΟΣ ΠΑΝΑΓΙΩΤΗΣ","Καλημεριάνοι","Ευβοίας","Στερεάς Ελλάδας","ΕPC",38.6176023,24.0895859
"EL-290","ΑΝΔΡΟΥΤΣΟΣ ΧΡΗΣΤΟΣ ΚΟΚΟΦΑΡΜ","Νέα Αρτάκη","Ευβοίας","Στερεάς Ελλάδας","EPC",38.5134809,23.6369154
"EL-4","ΖΑΣΠΑ ΓΕΩΡΓΟΠΤΗΝΟΤΡΟΦΙΚΗ & ΤΡΟΦΙΜΩΝ ΕΜΠΟΡΙΚΗ ΚΑΙ ΒΙΟΜΗΧΑΝΙΚΗ ΑΝΩΝΥΜΗ ΕΤΑΙΡΕΙΑ","Σαλακός Ρόδου","Δωδεκανήσων","Νοτίου Αιγαίου","EPC",36.2896251,27.9434229
"GR-147","ΕΜΜ. ΠΑΠΑΣΑΒΒΑ - ΧΡ. ΠΑΠΑΝΔΡΕΟΥ","Προφυλία","Δωδεκανήσων","Νοτίου Αιγαίου","EPC",36.0993981,27.8467474
"EL-38","ΣΚΛΙΑΣ ΔΗΜΗΤΡΙΟΣ","Ισθμός","Κορινθίας","Πελοποννήσου","EPC",37.9262453,22.9943285
"GR-123","ΓΕΩΡΓΙΟΣ ΓΚΙΝΗΣ","Ισθμός","Κορινθίας","Πελοποννήσου","EPC",37.9262453,22.9943285
"GR-100","ΓΕΩΡΓΙΟΣ ΑΛΕΥΡΑΣ","Αγιά","Λαρίσης","Θεσσαλίας","EPC",39.7182438,22.7558517
"GR-101","ΑΘΑΝ. Π. ΠΛΙΑΤΣΙΚΑΣ","Τύρναβος","Λαρίσης","Θεσσαλίας","EPC",39.7388604,22.2882216
"GR-165","ΝΙΚΟΛΑΟΣ ΠΑΠΑΓΙΑΝΝΗΣ","Μέγαρα","Δυτικής Αττικής","Αττικής","EPC",37.9952543,23.3417858
"GR-167","ΓΕΩΡΓΙΟΣ ΜΟΥΣΤΑΚΑΣ","Μέγαρα","Δυτικής Αττικής","Αττικής","EPC",37.9952543,23.3417858
"GR-168","ΕΥΑΓΓΕΛΟΣ ΒΕΝΕΤΗΣ & ΣΙΑ ΟΕ","Μέγαρα","Δυτικής Αττικής","Αττικής","EPC",37.9952543,23.3417858
"GR-17","ΓΕΩΡΓΙΟΣ ΤΣΟΛΙΑΚΟΣ","Μέγαρα","Δυτικής Αττικής","Αττικής","EPC",37.9952543,23.3417858
"GR-172","Κ.ΚΑΡΑΓΙΑΝΝΗΣ&ΣΙΑ ΟΕ","Μέγαρα","Δυτικής Αττικής","Αττικής","EPC",37.9952543,23.3417858
"GR-197","ΣΑΚΕΛΛΑΡΙΟΥ Δ. ΠΑΝ. ΣΑΚΕΛΛΑΡΙΟΥ Δ. ΧΡ. & ΣΑΚΕΛΛΑΡΙΟΥ Ι. ΧΡ.","Πετρούνι","Δυτικής Αττικής","Αττικής","EPC",36.3207722,22.934567
"GR-198","ΜΕΛ. & ΑΝΑΣΤ. ΤΟΥΜΠΑΝΙΑΡΗΣ","Μέγαρα","Δυτικής Αττικής","Αττικής","EPC",37.9952543,23.3417858
"GR-206","ΒΑΣΙΛΕΙΟΥ ΜΑΝΩΛΗ","Μέγαρα","Δυτικής Αττικής","Αττικής","EPC",37.9952543,23.3417858
"GR-209","ΜΕΛΕΤΙΟΣ ΚΑΚΑΡΙΚΟΣ","Μέγαρα","Δυτικής Αττικής","Αττικής","EPC",37.9952543,23.3417858
"GR-210","ΑΠ. & ΚΩΝ. ΣΤΑΥΡΑΚΗΣ","Μέγαρα","Δυτικής Αττικής","Αττικής","EPC",37.9952543,23.3417858
"GR-211","Ι. ΤΣΙΓΚΡΗΣ","Μέγαρα","Δυτικής Αττικής","Αττικής","EPC",37.9952543,23.3417858
"GR-212","ΜΙΧΑΗΛ ΣΜΥΡΝΗΣ","Μέγαρα","Δυτικής Αττικής","Αττικής","EPC",37.9952543,23.3417858
"GR-238","Ι. & Π. ΧΑΤΖΟΠΟΥΛΟΣ","Μέγαρα","Δυτικής Αττικής","Αττικής","EPC",37.9952543,23.3417858
"GR-239","ΧΡΗΣΤΟΣ ΜΑΡΚΑΚΗΣ","Μέγαρα","Δυτικής Αττικής","Αττικής","EPC",37.9952543,23.3417858
"GR-240","ΓΕΩΡΓΙΟΣ ΜΟΥΡΤΖΟΥΚΟΣ","Μέγαρα","Δυτικής Αττικής","Αττικής","EPC",37.9952543,23.3417858
"GR-243","ΒΑΣ. & ΚΩΝ. ΣΑΚΕΛΛΑΡΙΟΥ","Μέγαρα","Δυτικής Αττικής","Αττικής","EPC",37.9952543,23.3417858
"GR-244","ΔΗΜ. ΠΑΠΑΒΑΣΙΛΗΣ","Μέγαρα","Δυτικής Αττικής","Αττικής","EPC",37.9952543,23.3417858
"GR-246","ΠΕΡΙΚΛΗΣ ΜΠΕΝΑΡΔΗΣ","Μέγαρα","Δυτικής Αττικής","Αττικής","EPC",37.9952543,23.3417858
"GR-247","ΝΙΚΟΛΑΟΣ ΠΑΠΑΓΙΑΝΝΗΣ","Μέγαρα","Δυτικής Αττικής","Αττικής","EPC",37.9952543,23.3417858
"GR-21","ΠΕΠΑΜ ΟΕ ΑΦΟΙ ΠΑΝΤΑΖΗ","Μέγαρα","Δυτικής Αττικής","Αττικής","EPC",38.001752,23.342347
"GR-248","ΣΩΤΗΡΙΟΣ & ΣΠΥΡΟΣ ΚΑΡΑΓΙΩΡΓΟΣ","Μέγαρα","Δυτικής Αττικής","Αττικής","EPC",37.9952543,23.3417858
"GR-249","ΣΩΤ. ΚΑΛΛΙΠΕΤΣΗΣ","Μέγαρα","Δυτικής Αττικής","Αττικής","EPC",37.9952543,23.3417858
"GR-250","ΠΑΝΑΓΙΩΤΗΣ ΜΩΛΟΣ","Μέγαρα","Δυτικής Αττικής","Αττικής","EPC",37.9952543,23.3417858
"GR-251","ΚΩΝ. ΚΥΡΙΑΚΟΥΛΗΣ","Μέγαρα","Δυτικής Αττικής","Αττικής","EPC",37.9952543,23.3417858
"GR-204","ΚΩΝ/ΝΟΣ ΚΟΥΦΙΩΤΗΣ","Αγία Παρασκευή","Φθιώτιδας","Στερεάς Ελλάδας","EPC",38.0042329,23.8238423878732
"GR-180","ΚΛΕΟΜΕΝΗΣ ΠΑΠΑΓΙΑΝΝΟΠΟΥΛΟΣ","Μυστράς","Λακωνίας","Πελοποννήσου","EPC",37.0688795,22.3759408
"GR-169","ΓΕΩΡΓΙΑ Γ. ΤΟΥΡΛΟΥΚΗ&ΣΙΑ Ε.Ε.","Μαντίνεια","Αρκαδίας","Πελοποννήσου","EPC",37.6182611,22.3928797306963
"GR-188","ΣΩΤ.ΣΤΑΥΡΙΝΟΥΔΗΣ","Κάμπος","Χίου","Βορείου Αιγαίου","EPC",36.9384565,22.2025305
"GR-213","ΑΝΤ. ΜΑΝΩΛΙΤΣΑΚΗΣ","Κουρητών","Ρεθύμνου","Κρήτης","EPC",35.3336046,25.3028719
"GR-196","ΚΩΝ.ΠΑΝΑΓΙΩΤΟΠΟΥΛΟΥ","Λιδωρίκι","Φωκίδας","Στερεάς Ελλάδας","EPC",38.5276063,22.2030735
"GR-9","ΛΟΥΚΑΣ ΑΡΓΥΡΙΟΥ","Μαυρομάτι","Βοιωτίας","Στερεάς Ελλάδας","EPC",38.3289725,23.1389641
"ΕL-284","ΓΑΛΑΝΗ ΑΡΙΣΤΕΑ","Κρανούλα","Ιωαννίνων","Ηπείρου","EPC",39.7449293,20.7942553
"EL-97","ZAΠΡΑΣ ΑΘΑΝΑΣΙΟΣ-ΖΑΠΡΑΣ ΧΡΗΣΤΟΣ","Ωραιόκαστρο","Θεσσαλονίκης","Κεντρικής Μακεδονίας","EPC",39.9872013,20.5520244
"GR-156","ΔΗΜΗΤΡΙΟΣ ΠΕΤΡΟΥ","Νεοχωρούδα","Θεσσαλονίκης","Κεντρικής Μακεδονίας","EPC",40.7375617,22.876048
"GR-194","ΑΙΚ. ΑΡΑΜΠΑΤΖΗ","Βασιλικά","Θεσσαλονίκης","Κεντρικής Μακεδονίας","EPC",40.4797064,23.1360321
