country,year,workforce_type,workforce_size,population
Austria,2005,pers: Female: Sole holders working on the farm,54250,8569633
Austria,2005,AWU: Sole holders,92460,8569633
Austria,2005,pers: Male: Sole holders working on the farm,110800,8569633
Austria,2005,pers: Sole holders working on the farm,165050,8569633
Austria,2005,pers: Family labour force,413020,8569633
Belgium,2005,pers: Female: Sole holders working on the farm,7070,11371928
Belgium,2005,AWU: Sole holders,37610,11371928
Belgium,2005,pers: Male: Sole holders working on the farm,40880,11371928
Belgium,2005,pers: Sole holders working on the farm,47960,11371928
Belgium,2005,pers: Family labour force,81100,11371928
Bulgaria,2005,pers: Female: Sole holders working on the farm,92810,7097796
Bulgaria,2005,AWU: Sole holders,308720,7097796
Bulgaria,2005,pers: Male: Sole holders working on the farm,436500,7097796
Bulgaria,2005,pers: Sole holders working on the farm,529320,7097796
Bulgaria,2005,pers: Family labour force,1018390,7097796
Croatia,2005,pers: Sole holders working on the farm,,4225001
Croatia,2005,pers: Female: Sole holders working on the farm,,4225001
Croatia,2005,pers: Male: Sole holders working on the farm,,4225001
Croatia,2005,pers: Family labour force,,4225001
Croatia,2005,AWU: Sole holders,,4225001
Cyprus,2005,pers: Female: Sole holders working on the farm,11190,1176598
Cyprus,2005,AWU: Sole holders,13420,1176598
Cyprus,2005,pers: Male: Sole holders working on the farm,33540,1176598
Cyprus,2005,pers: Sole holders working on the farm,44740,1176598
Cyprus,2005,pers: Family labour force,78400,1176598
Czech Republic,2005,pers: Female: Sole holders working on the farm,7020,10548058
Czech Republic,2005,AWU: Sole holders,24850,10548058
Czech Republic,2005,pers: Male: Sole holders working on the farm,32400,10548058
Czech Republic,2005,pers: Sole holders working on the farm,39420,10548058
Czech Republic,2005,pers: Family labour force,67190,10548058
Denmark,2005,pers: Female: Sole holders working on the farm,5750,5690750
Denmark,2005,AWU: Sole holders,29030,5690750
Denmark,2005,pers: Male: Sole holders working on the farm,44920,5690750
Denmark,2005,pers: Sole holders working on the farm,50680,5690750
Denmark,2005,pers: Family labour force,73120,5690750
Estonia,2005,pers: Female: Sole holders working on the farm,10090,1309104
Estonia,2005,AWU: Sole holders,11620,1309104
Estonia,2005,pers: Male: Sole holders working on the farm,16390,1309104
Estonia,2005,pers: Sole holders working on the farm,26480,1309104
Estonia,2005,pers: Family labour force,66390,1309104
Finland,2005,pers: Female: Sole holders working on the farm,7260,5523904
Finland,2005,AWU: Sole holders,42680,5523904
Finland,2005,pers: Male: Sole holders working on the farm,62240,5523904
Finland,2005,pers: Sole holders working on the farm,69500,5523904
Finland,2005,pers: Family labour force,140020,5523904
France,2005,pers: Female: Sole holders working on the farm,106480,64668129
France,2005,AWU: Sole holders,316580,64668129
France,2005,pers: Male: Sole holders working on the farm,367460,64668129
France,2005,pers: Sole holders working on the farm,473940,64668129
France,2005,pers: Family labour force,716070,64668129
Germany,2005,pers: Female: Sole holders working on the farm,34670,80682351
Germany,2005,AWU: Sole holders,260350,80682351
Germany,2005,pers: Male: Sole holders working on the farm,350310,80682351
Germany,2005,pers: Sole holders working on the farm,384980,80682351
Germany,2005,pers: Family labour force,801350,80682351
Greece,2005,pers: Female: Sole holders working on the farm,250100,10919459
Greece,2005,AWU: Sole holders,304580,10919459
Greece,2005,pers: Male: Sole holders working on the farm,582980,10919459
Greece,2005,pers: Sole holders working on the farm,833080,10919459
Greece,2005,pers: Family labour force,1501840,10919459
Hungary,2005,pers: Female: Sole holders working on the farm,166880,9821318
Hungary,2005,AWU: Sole holders,229350,9821318
Hungary,2005,pers: Male: Sole holders working on the farm,539830,9821318
Hungary,2005,pers: Sole holders working on the farm,706710,9821318
Hungary,2005,pers: Family labour force,1325150,9821318
Ireland,2005,pers: Female: Sole holders working on the farm,12540,4713993
Ireland,2005,AWU: Sole holders,98240,4713993
Ireland,2005,pers: Male: Sole holders working on the farm,117870,4713993
Ireland,2005,pers: Sole holders working on the farm,130420,4713993
Ireland,2005,pers: Family labour force,233690,4713993
Italy,2005,pers: Female: Sole holders working on the farm,518790,59801004
Italy,2005,AWU: Sole holders,687730,59801004
Italy,2005,pers: Male: Sole holders working on the farm,1180680,59801004
Italy,2005,pers: Sole holders working on the farm,1699460,59801004
Italy,2005,pers: Family labour force,3127460,59801004
Latvia,2005,pers: Female: Sole holders working on the farm,57900,1955742
Latvia,2005,AWU: Sole holders,65290,1955742
Latvia,2005,pers: Male: Sole holders working on the farm,66250,1955742
Latvia,2005,pers: Sole holders working on the farm,124150,1955742
Latvia,2005,pers: Family labour force,235620,1955742
Lithuania,2005,AWU: Sole holders,99130,2850030
Lithuania,2005,pers: Female: Sole holders working on the farm,107060,2850030
Lithuania,2005,pers: Male: Sole holders working on the farm,144830,2850030
Lithuania,2005,pers: Sole holders working on the farm,251890,2850030
Lithuania,2005,pers: Family labour force,510470,2850030
Luxembourg,2005,pers: Female: Sole holders working on the farm,430,576243
Luxembourg,2005,AWU: Sole holders,1810,576243
Luxembourg,2005,pers: Male: Sole holders working on the farm,1900,576243
Luxembourg,2005,pers: Sole holders working on the farm,2330,576243
Luxembourg,2005,pers: Family labour force,5020,576243
Malta,2005,pers: Female: Sole holders working on the farm,970,419615
Malta,2005,AWU: Sole holders,2650,419615
Malta,2005,pers: Male: Sole holders working on the farm,9730,419615
Malta,2005,pers: Sole holders working on the farm,10690,419615
Malta,2005,pers: Family labour force,17390,419615
Netherlands,2005,pers: Female: Sole holders working on the farm,5270,16979729
Netherlands,2005,AWU: Sole holders,64160,16979729
Netherlands,2005,pers: Male: Sole holders working on the farm,72520,16979729
Netherlands,2005,pers: Sole holders working on the farm,77790,16979729
Netherlands,2005,pers: Family labour force,160480,16979729
Poland,2005,pers: Female: Sole holders working on the farm,802140,38593161
Poland,2005,AWU: Sole holders,1118320,38593161
Poland,2005,pers: Male: Sole holders working on the farm,1670690,38593161
Poland,2005,pers: Sole holders working on the farm,2472830,38593161
Poland,2005,pers: Family labour force,5044310,38593161
Portugal,2005,pers: Female: Sole holders working on the farm,81610,10304434
Portugal,2005,AWU: Sole holders,175500,10304434
Portugal,2005,pers: Male: Sole holders working on the farm,235470,10304434
Portugal,2005,pers: Sole holders working on the farm,317070,10304434
Portugal,2005,pers: Family labour force,756120,10304434
Romania,2005,AWU: Sole holders,1238810,19372734
Romania,2005,pers: Female: Sole holders working on the farm,1241350,19372734
Romania,2005,pers: Male: Sole holders working on the farm,2996540,19372734
Romania,2005,pers: Sole holders working on the farm,4237890,19372734
Romania,2005,pers: Family labour force,8435390,19372734
Slovakia,2005,pers: Female: Sole holders working on the farm,12840,5429418
Slovakia,2005,AWU: Sole holders,23380,5429418
Slovakia,2005,pers: Male: Sole holders working on the farm,53850,5429418
Slovakia,2005,pers: Sole holders working on the farm,66690,5429418
Slovakia,2005,pers: Family labour force,158960,5429418
Slovenia,2005,pers: Female: Sole holders working on the farm,20190,2069362
Slovenia,2005,AWU: Sole holders,40910,2069362
Slovenia,2005,pers: Male: Sole holders working on the farm,56850,2069362
Slovenia,2005,pers: Sole holders working on the farm,77040,2069362
Slovenia,2005,pers: Family labour force,204020,2069362
Spain,2005,pers: Female: Sole holders working on the farm,231920,46064604
Spain,2005,AWU: Sole holders,409900,46064604
Spain,2005,pers: Male: Sole holders working on the farm,712900,46064604
Spain,2005,pers: Sole holders working on the farm,944830,46064604
Spain,2005,pers: Family labour force,1900180,46064604
Sweden,2005,pers: Female: Sole holders working on the farm,8560,9851852
Sweden,2005,AWU: Sole holders,34470,9851852
Sweden,2005,pers: Male: Sole holders working on the farm,61840,9851852
Sweden,2005,pers: Sole holders working on the farm,70400,9851852
Sweden,2005,pers: Family labour force,132350,9851852
United Kingdom,2005,pers: Female: Sole holders working on the farm,44790,65111143
United Kingdom,2005,AWU: Sole holders,136390,65111143
United Kingdom,2005,pers: Male: Sole holders working on the farm,223210,65111143
United Kingdom,2005,pers: Sole holders working on the farm,268000,65111143
United Kingdom,2005,pers: Family labour force,503540,65111143
Austria,2007,pers: Female: Sole holders working on the farm,51130,8569633
Austria,2007,AWU: Sole holders,89830,8569633
Austria,2007,pers: Male: Sole holders working on the farm,108040,8569633
Austria,2007,pers: Sole holders working on the farm,159170,8569633
Austria,2007,pers: Family labour force,389140,8569633
Belgium,2007,pers: Female: Sole holders working on the farm,6500,11371928
Belgium,2007,AWU: Sole holders,34930,11371928
Belgium,2007,pers: Male: Sole holders working on the farm,37710,11371928
Belgium,2007,pers: Sole holders working on the farm,44210,11371928
Belgium,2007,pers: Family labour force,75480,11371928
Bulgaria,2007,pers: Female: Sole holders working on the farm,97120,7097796
Bulgaria,2007,AWU: Sole holders,246620,7097796
Bulgaria,2007,pers: Male: Sole holders working on the farm,391850,7097796
Bulgaria,2007,pers: Sole holders working on the farm,488960,7097796
Bulgaria,2007,pers: Family labour force,896980,7097796
Croatia,2007,pers: Female: Sole holders working on the farm,35730,4225001
Croatia,2007,AWU: Sole holders,73000,4225001
Croatia,2007,pers: Male: Sole holders working on the farm,139480,4225001
Croatia,2007,pers: Sole holders working on the farm,175210,4225001
Croatia,2007,pers: Family labour force,423920,4225001
Cyprus,2007,pers: Female: Sole holders working on the farm,10110,1176598
Cyprus,2007,AWU: Sole holders,11720,1176598
Cyprus,2007,pers: Male: Sole holders working on the farm,29550,1176598
Cyprus,2007,pers: Sole holders working on the farm,39660,1176598
Cyprus,2007,pers: Family labour force,78940,1176598
Czech Republic,2007,pers: Female: Sole holders working on the farm,6430,10548058
Czech Republic,2007,AWU: Sole holders,21300,10548058
Czech Republic,2007,pers: Male: Sole holders working on the farm,29930,10548058
Czech Republic,2007,pers: Sole holders working on the farm,36360,10548058
Czech Republic,2007,pers: Family labour force,81120,10548058
Denmark,2007,pers: Female: Sole holders working on the farm,5090,5690750
Denmark,2007,AWU: Sole holders,25860,5690750
Denmark,2007,pers: Male: Sole holders working on the farm,38300,5690750
Denmark,2007,pers: Sole holders working on the farm,43380,5690750
Denmark,2007,pers: Family labour force,63310,5690750
Estonia,2007,pers: Female: Sole holders working on the farm,8980,1309104
Estonia,2007,AWU: Sole holders,9970,1309104
Estonia,2007,pers: Male: Sole holders working on the farm,12730,1309104
Estonia,2007,pers: Sole holders working on the farm,21710,1309104
Estonia,2007,pers: Family labour force,50750,1309104
Finland,2007,pers: Female: Sole holders working on the farm,7100,5523904
Finland,2007,AWU: Sole holders,37580,5523904
Finland,2007,pers: Male: Sole holders working on the farm,59930,5523904
Finland,2007,pers: Sole holders working on the farm,67040,5523904
Finland,2007,pers: Family labour force,129650,5523904
France,2007,pers: Female: Sole holders working on the farm,98820,64668129
France,2007,AWU: Sole holders,287170,64668129
France,2007,pers: Male: Sole holders working on the farm,328700,64668129
France,2007,pers: Sole holders working on the farm,427520,64668129
France,2007,pers: Family labour force,633090,64668129
Germany,2007,pers: Female: Sole holders working on the farm,35120,80682351
Germany,2007,AWU: Sole holders,245380,80682351
Germany,2007,pers: Male: Sole holders working on the farm,330210,80682351
Germany,2007,pers: Sole holders working on the farm,365330,80682351
Germany,2007,pers: Family labour force,747550,80682351
Greece,2007,pers: Female: Sole holders working on the farm,260290,10919459
Greece,2007,AWU: Sole holders,296020,10919459
Greece,2007,pers: Male: Sole holders working on the farm,599220,10919459
Greece,2007,pers: Sole holders working on the farm,859510,10919459
Greece,2007,pers: Family labour force,1478590,10919459
Hungary,2007,pers: Female: Sole holders working on the farm,144350,9821318
Hungary,2007,AWU: Sole holders,195410,9821318
Hungary,2007,pers: Male: Sole holders working on the farm,474140,9821318
Hungary,2007,pers: Sole holders working on the farm,618490,9821318
Hungary,2007,pers: Family labour force,1171340,9821318
Ireland,2007,pers: Female: Sole holders working on the farm,12880,4713993
Ireland,2007,AWU: Sole holders,95700,4713993
Ireland,2007,pers: Male: Sole holders working on the farm,113770,4713993
Ireland,2007,pers: Sole holders working on the farm,126650,4713993
Ireland,2007,pers: Family labour force,227610,4713993
Italy,2007,pers: Female: Sole holders working on the farm,535620,59801004
Italy,2007,AWU: Sole holders,662590,59801004
Italy,2007,pers: Male: Sole holders working on the farm,1127890,59801004
Italy,2007,pers: Sole holders working on the farm,1663510,59801004
Italy,2007,pers: Family labour force,3056540,59801004
Latvia,2007,pers: Female: Sole holders working on the farm,49950,1955742
Latvia,2007,AWU: Sole holders,50410,1955742
Latvia,2007,pers: Male: Sole holders working on the farm,56430,1955742
Latvia,2007,pers: Sole holders working on the farm,106380,1955742
Latvia,2007,pers: Family labour force,195090,1955742
Lithuania,2007,AWU: Sole holders,81470,2850030
Lithuania,2007,pers: Female: Sole holders working on the farm,104730,2850030
Lithuania,2007,pers: Male: Sole holders working on the farm,122180,2850030
Lithuania,2007,pers: Sole holders working on the farm,226910,2850030
Lithuania,2007,pers: Family labour force,449770,2850030
Luxembourg,2007,pers: Female: Sole holders working on the farm,450,576243
Luxembourg,2007,AWU: Sole holders,1720,576243
Luxembourg,2007,pers: Male: Sole holders working on the farm,1750,576243
Luxembourg,2007,pers: Sole holders working on the farm,2200,576243
Luxembourg,2007,pers: Family labour force,4690,576243
Malta,2007,pers: Female: Sole holders working on the farm,1020,419615
Malta,2007,AWU: Sole holders,2660,419615
Malta,2007,pers: Male: Sole holders working on the farm,9550,419615
Malta,2007,pers: Sole holders working on the farm,10570,419615
Malta,2007,pers: Family labour force,16490,419615
Netherlands,2007,pers: Female: Sole holders working on the farm,3930,16979729
Netherlands,2007,AWU: Sole holders,58700,16979729
Netherlands,2007,pers: Male: Sole holders working on the farm,68830,16979729
Netherlands,2007,pers: Sole holders working on the farm,72760,16979729
Netherlands,2007,pers: Family labour force,150170,16979729
Poland,2007,pers: Female: Sole holders working on the farm,779480,38593161
Poland,2007,AWU: Sole holders,1099410,38593161
Poland,2007,pers: Male: Sole holders working on the farm,1592630,38593161
Poland,2007,pers: Sole holders working on the farm,2372110,38593161
Poland,2007,pers: Family labour force,4964600,38593161
Portugal,2007,pers: Female: Sole holders working on the farm,71210,10304434
Portugal,2007,AWU: Sole holders,148680,10304434
Portugal,2007,pers: Male: Sole holders working on the farm,197350,10304434
Portugal,2007,pers: Sole holders working on the farm,268570,10304434
Portugal,2007,pers: Family labour force,636150,10304434
Romania,2007,AWU: Sole holders,1135250,19372734
Romania,2007,pers: Female: Sole holders working on the farm,1172910,19372734
Romania,2007,pers: Male: Sole holders working on the farm,2740740,19372734
Romania,2007,pers: Sole holders working on the farm,3913650,19372734
Romania,2007,pers: Family labour force,6395790,19372734
Slovakia,2007,pers: Female: Sole holders working on the farm,12480,5429418
Slovakia,2007,AWU: Sole holders,22720,5429418
Slovakia,2007,pers: Male: Sole holders working on the farm,54470,5429418
Slovakia,2007,pers: Sole holders working on the farm,66950,5429418
Slovakia,2007,pers: Family labour force,156640,5429418
Slovenia,2007,pers: Female: Sole holders working on the farm,19760,2069362
Slovenia,2007,AWU: Sole holders,36820,2069362
Slovenia,2007,pers: Male: Sole holders working on the farm,55450,2069362
Slovenia,2007,pers: Sole holders working on the farm,75210,2069362
Slovenia,2007,pers: Family labour force,197490,2069362
Spain,2007,pers: Female: Sole holders working on the farm,230830,46064604
Spain,2007,AWU: Sole holders,385100,46064604
Spain,2007,pers: Male: Sole holders working on the farm,682890,46064604
Spain,2007,pers: Sole holders working on the farm,913720,46064604
Spain,2007,pers: Family labour force,1840750,46064604
Sweden,2007,pers: Female: Sole holders working on the farm,10030,9851852
Sweden,2007,AWU: Sole holders,31860,9851852
Sweden,2007,pers: Male: Sole holders working on the farm,57590,9851852
Sweden,2007,pers: Sole holders working on the farm,67620,9851852
Sweden,2007,pers: Family labour force,128530,9851852
United Kingdom,2007,pers: Female: Sole holders working on the farm,31840,65111143
United Kingdom,2007,AWU: Sole holders,121170,65111143
United Kingdom,2007,pers: Male: Sole holders working on the farm,178070,65111143
United Kingdom,2007,pers: Sole holders working on the farm,209910,65111143
United Kingdom,2007,pers: Family labour force,399670,65111143
Austria,2010,pers: Female: Sole holders working on the farm,46330,8569633
Austria,2010,AWU: Sole holders,65410,8569633
Austria,2010,pers: Male: Sole holders working on the farm,98440,8569633
Austria,2010,pers: Sole holders working on the farm,144770,8569633
Austria,2010,pers: Family labour force,319180,8569633
Belgium,2010,pers: Female: Sole holders working on the farm,5680,11371928
Belgium,2010,AWU: Sole holders,30860,11371928
Belgium,2010,pers: Male: Sole holders working on the farm,32910,11371928
Belgium,2010,pers: Sole holders working on the farm,38580,11371928
Belgium,2010,pers: Family labour force,66510,11371928
Bulgaria,2010,pers: Female: Sole holders working on the farm,83430,7097796
Bulgaria,2010,AWU: Sole holders,196010,7097796
Bulgaria,2010,pers: Male: Sole holders working on the farm,281560,7097796
Bulgaria,2010,pers: Sole holders working on the farm,364990,7097796
Bulgaria,2010,pers: Family labour force,681470,7097796
Croatia,2010,pers: Female: Sole holders working on the farm,50730,4225001
Croatia,2010,AWU: Sole holders,85590,4225001
Croatia,2010,pers: Male: Sole holders working on the farm,175430,4225001
Croatia,2010,pers: Sole holders working on the farm,226160,4225001
Croatia,2010,pers: Family labour force,499350,4225001
Cyprus,2010,AWU: Sole holders,8190,1176598
Cyprus,2010,pers: Female: Sole holders working on the farm,10210,1176598
Cyprus,2010,pers: Male: Sole holders working on the farm,28180,1176598
Cyprus,2010,pers: Sole holders working on the farm,38390,1176598
Cyprus,2010,pers: Family labour force,77730,1176598
Czech Republic,2010,pers: Female: Sole holders working on the farm,3210,10548058
Czech Republic,2010,AWU: Sole holders,14220,10548058
Czech Republic,2010,pers: Male: Sole holders working on the farm,16550,10548058
Czech Republic,2010,pers: Sole holders working on the farm,19760,10548058
Czech Republic,2010,pers: Family labour force,42970,10548058
Denmark,2010,pers: Female: Sole holders working on the farm,3680,5690750
Denmark,2010,AWU: Sole holders,22870,5690750
Denmark,2010,pers: Male: Sole holders working on the farm,36230,5690750
Denmark,2010,pers: Sole holders working on the farm,39910,5690750
Denmark,2010,pers: Family labour force,56870,5690750
Estonia,2010,pers: Female: Sole holders working on the farm,6800,1309104
Estonia,2010,AWU: Sole holders,7250,1309104
Estonia,2010,pers: Male: Sole holders working on the farm,10810,1309104
Estonia,2010,pers: Sole holders working on the farm,17610,1309104
Estonia,2010,pers: Family labour force,39420,1309104
Finland,2010,pers: Female: Sole holders working on the farm,7120,5523904
Finland,2010,AWU: Sole holders,32360,5523904
Finland,2010,pers: Male: Sole holders working on the farm,55340,5523904
Finland,2010,pers: Sole holders working on the farm,62460,5523904
Finland,2010,pers: Family labour force,111170,5523904
France,2010,pers: Female: Sole holders working on the farm,98210,64668129
France,2010,AWU: Sole holders,272050,64668129
France,2010,pers: Male: Sole holders working on the farm,304180,64668129
France,2010,pers: Sole holders working on the farm,402390,64668129
France,2010,pers: Family labour force,568350,64668129
Germany,2010,pers: Female: Sole holders working on the farm,26680,80682351
Germany,2010,AWU: Sole holders,204720,80682351
Germany,2010,pers: Male: Sole holders working on the farm,267390,80682351
Germany,2010,pers: Sole holders working on the farm,294070,80682351
Germany,2010,pers: Family labour force,577390,80682351
Greece,2010,AWU: Sole holders,232440,10919459
Greece,2010,pers: Female: Sole holders working on the farm,237940,10919459
Greece,2010,pers: Male: Sole holders working on the farm,484470,10919459
Greece,2010,pers: Sole holders working on the farm,722400,10919459
Greece,2010,pers: Family labour force,1186510,10919459
Hungary,2010,pers: Female: Sole holders working on the farm,149880,9821318
Hungary,2010,AWU: Sole holders,202630,9821318
Hungary,2010,pers: Male: Sole holders working on the farm,417440,9821318
Hungary,2010,pers: Sole holders working on the farm,567320,9821318
Hungary,2010,pers: Family labour force,1052820,9821318
Ireland,2010,pers: Female: Sole holders working on the farm,17350,4713993
Ireland,2010,AWU: Sole holders,102610,4713993
Ireland,2010,pers: Male: Sole holders working on the farm,122210,4713993
Ireland,2010,pers: Sole holders working on the farm,139560,4713993
Ireland,2010,pers: Family labour force,255640,4713993
Italy,2010,AWU: Sole holders,492610,59801004
Italy,2010,pers: Female: Sole holders working on the farm,531850,59801004
Italy,2010,pers: Male: Sole holders working on the farm,1071850,59801004
Italy,2010,pers: Sole holders working on the farm,1603700,59801004
Italy,2010,pers: Family labour force,3229560,59801004
Latvia,2010,pers: Female: Sole holders working on the farm,38810,1955742
Latvia,2010,AWU: Sole holders,39060,1955742
Latvia,2010,pers: Male: Sole holders working on the farm,44080,1955742
Latvia,2010,pers: Sole holders working on the farm,82900,1955742
Latvia,2010,pers: Family labour force,163560,1955742
Lithuania,2010,AWU: Sole holders,72370,2850030
Lithuania,2010,pers: Female: Sole holders working on the farm,94980,2850030
Lithuania,2010,pers: Male: Sole holders working on the farm,101700,2850030
Lithuania,2010,pers: Sole holders working on the farm,196670,2850030
Lithuania,2010,pers: Family labour force,338170,2850030
Luxembourg,2010,pers: Female: Sole holders working on the farm,440,576243
Luxembourg,2010,pers: Male: Sole holders working on the farm,1670,576243
Luxembourg,2010,AWU: Sole holders,1680,576243
Luxembourg,2010,pers: Sole holders working on the farm,2120,576243
Luxembourg,2010,pers: Family labour force,4090,576243
Malta,2010,pers: Female: Sole holders working on the farm,1470,419615
Malta,2010,AWU: Sole holders,3380,419615
Malta,2010,pers: Male: Sole holders working on the farm,10640,419615
Malta,2010,pers: Sole holders working on the farm,12110,419615
Malta,2010,pers: Family labour force,17630,419615
Netherlands,2010,pers: Female: Sole holders working on the farm,3890,16979729
Netherlands,2010,AWU: Sole holders,54140,16979729
Netherlands,2010,pers: Male: Sole holders working on the farm,64060,16979729
Netherlands,2010,pers: Sole holders working on the farm,67960,16979729
Netherlands,2010,pers: Family labour force,147920,16979729
Poland,2010,pers: Female: Sole holders working on the farm,458640,38593161
Poland,2010,AWU: Sole holders,881490,38593161
Poland,2010,pers: Male: Sole holders working on the farm,1023940,38593161
Poland,2010,pers: Sole holders working on the farm,1482590,38593161
Poland,2010,pers: Family labour force,3716120,38593161
Portugal,2010,pers: Female: Sole holders working on the farm,92870,10304434
Portugal,2010,AWU: Sole holders,160350,10304434
Portugal,2010,pers: Male: Sole holders working on the farm,204510,10304434
Portugal,2010,pers: Sole holders working on the farm,297380,10304434
Portugal,2010,pers: Family labour force,657830,10304434
Romania,2010,AWU: Sole holders,793620,19372734
Romania,2010,pers: Female: Sole holders working on the farm,1248330,19372734
Romania,2010,pers: Male: Sole holders working on the farm,2580010,19372734
Romania,2010,pers: Sole holders working on the farm,3828350,19372734
Romania,2010,pers: Family labour force,7051300,19372734
Slovakia,2010,pers: Female: Sole holders working on the farm,3900,5429418
Slovakia,2010,AWU: Sole holders,9940,5429418
Slovakia,2010,pers: Male: Sole holders working on the farm,18290,5429418
Slovakia,2010,pers: Sole holders working on the farm,22190,5429418
Slovakia,2010,pers: Family labour force,46060,5429418
Slovenia,2010,pers: Female: Sole holders working on the farm,19070,2069362
Slovenia,2010,AWU: Sole holders,33340,2069362
Slovenia,2010,pers: Male: Sole holders working on the farm,52140,2069362
Slovenia,2010,pers: Sole holders working on the farm,71210,2069362
Slovenia,2010,pers: Family labour force,205240,2069362
Spain,2010,pers: Female: Sole holders working on the farm,240400,46064604
Spain,2010,AWU: Sole holders,330910,46064604
Spain,2010,pers: Male: Sole holders working on the farm,621450,46064604
Spain,2010,pers: Sole holders working on the farm,861850,46064604
Spain,2010,pers: Family labour force,1951760,46064604
Sweden,2010,pers: Female: Sole holders working on the farm,10140,9851852
Sweden,2010,AWU: Sole holders,24180,9851852
Sweden,2010,pers: Male: Sole holders working on the farm,55720,9851852
Sweden,2010,pers: Sole holders working on the farm,65850,9851852
Sweden,2010,pers: Family labour force,119830,9851852
United Kingdom,2010,pers: Female: Sole holders working on the farm,23250,65111143
United Kingdom,2010,AWU: Sole holders,111040,65111143
United Kingdom,2010,pers: Male: Sole holders working on the farm,153240,65111143
United Kingdom,2010,pers: Sole holders working on the farm,176490,65111143
United Kingdom,2010,pers: Family labour force,319060,65111143
Austria,2013,pers: Female: Sole holders working on the farm,42510,8569633
Austria,2013,AWU: Sole holders,63010,8569633
Austria,2013,pers: Male: Sole holders working on the farm,92380,8569633
Austria,2013,pers: Sole holders working on the farm,134890,8569633
Austria,2013,pers: Family labour force,308670,8569633
Belgium,2013,pers: Female: Sole holders working on the farm,4920,11371928
Belgium,2013,AWU: Sole holders,26550,11371928
Belgium,2013,pers: Male: Sole holders working on the farm,27810,11371928
Belgium,2013,pers: Sole holders working on the farm,32730,11371928
Belgium,2013,pers: Family labour force,59290,11371928
Bulgaria,2013,pers: Female: Sole holders working on the farm,55790,7097796
Bulgaria,2013,AWU: Sole holders,136260,7097796
Bulgaria,2013,pers: Male: Sole holders working on the farm,192090,7097796
Bulgaria,2013,pers: Sole holders working on the farm,247880,7097796
Bulgaria,2013,pers: Family labour force,499690,7097796
Croatia,2013,pers: Female: Sole holders working on the farm,42290,4225001
Croatia,2013,AWU: Sole holders,74390,4225001
Croatia,2013,pers: Male: Sole holders working on the farm,109210,4225001
Croatia,2013,pers: Sole holders working on the farm,151490,4225001
Croatia,2013,pers: Family labour force,374910,4225001
Cyprus,2013,AWU: Sole holders,7390,1176598
Cyprus,2013,pers: Female: Sole holders working on the farm,9290,1176598
Cyprus,2013,pers: Male: Sole holders working on the farm,25630,1176598
Cyprus,2013,pers: Sole holders working on the farm,34920,1176598
Cyprus,2013,pers: Family labour force,73090,1176598
Czech Republic,2013,pers: Female: Sole holders working on the farm,2890,10548058
Czech Republic,2013,AWU: Sole holders,16530,10548058
Czech Republic,2013,pers: Male: Sole holders working on the farm,20460,10548058
Czech Republic,2013,pers: Sole holders working on the farm,23350,10548058
Czech Republic,2013,pers: Family labour force,49420,10548058
Denmark,2013,pers: Female: Sole holders working on the farm,2940,5690750
Denmark,2013,AWU: Sole holders,20620,5690750
Denmark,2013,pers: Male: Sole holders working on the farm,33900,5690750
Denmark,2013,pers: Sole holders working on the farm,36840,5690750
Denmark,2013,pers: Family labour force,54290,5690750
Estonia,2013,AWU: Sole holders,5960,1309104
Estonia,2013,pers: Female: Sole holders working on the farm,6360,1309104
Estonia,2013,pers: Male: Sole holders working on the farm,9900,1309104
Estonia,2013,pers: Sole holders working on the farm,16260,1309104
Estonia,2013,pers: Family labour force,30900,1309104
Finland,2013,pers: Female: Sole holders working on the farm,5510,5523904
Finland,2013,AWU: Sole holders,28410,5523904
Finland,2013,pers: Male: Sole holders working on the farm,47140,5523904
Finland,2013,pers: Sole holders working on the farm,52650,5523904
Finland,2013,pers: Family labour force,101030,5523904
France,2013,pers: Female: Sole holders working on the farm,82690,64668129
France,2013,AWU: Sole holders,241810,64668129
France,2013,pers: Male: Sole holders working on the farm,270920,64668129
France,2013,pers: Sole holders working on the farm,353610,64668129
France,2013,pers: Family labour force,491050,64668129
Germany,2013,pers: Female: Sole holders working on the farm,25460,80682351
Germany,2013,AWU: Sole holders,194490,80682351
Romania,2013,pers: Family labour force,6488130,19372734
Germany,2013,pers: Male: Sole holders working on the farm,254300,80682351
Germany,2013,pers: Sole holders working on the farm,279760,80682351
Germany,2013,pers: Family labour force,529290,80682351
Greece,2013,pers: Female: Sole holders working on the farm,238960,10919459
Greece,2013,AWU: Sole holders,250630,10919459
Greece,2013,pers: Male: Sole holders working on the farm,469750,10919459
Greece,2013,pers: Sole holders working on the farm,708700,10919459
Greece,2013,pers: Family labour force,1213420,10919459
Hungary,2013,pers: Female: Sole holders working on the farm,129590,9821318
Hungary,2013,AWU: Sole holders,188160,9821318
Hungary,2013,pers: Male: Sole holders working on the farm,352720,9821318
Hungary,2013,pers: Sole holders working on the farm,482310,9821318
Hungary,2013,pers: Family labour force,962570,9821318
Ireland,2013,pers: Female: Sole holders working on the farm,16210,4713993
Ireland,2013,AWU: Sole holders,102580,4713993
Ireland,2013,pers: Male: Sole holders working on the farm,122890,4713993
Ireland,2013,pers: Sole holders working on the farm,139100,4713993
Ireland,2013,pers: Family labour force,252270,4713993
Italy,2013,pers: Female: Sole holders working on the farm,318240,59801004
Italy,2013,AWU: Sole holders,404780,59801004
Italy,2013,pers: Male: Sole holders working on the farm,677570,59801004
Italy,2013,pers: Sole holders working on the farm,995810,59801004
Italy,2013,pers: Family labour force,1992690,59801004
Latvia,2013,pers: Female: Sole holders working on the farm,37030,1955742
Latvia,2013,AWU: Sole holders,38070,1955742
Latvia,2013,pers: Male: Sole holders working on the farm,44110,1955742
Latvia,2013,pers: Sole holders working on the farm,81140,1955742
Latvia,2013,pers: Family labour force,153610,1955742
Lithuania,2013,AWU: Sole holders,75900,2850030
Lithuania,2013,pers: Female: Sole holders working on the farm,80930,2850030
Lithuania,2013,pers: Male: Sole holders working on the farm,88890,2850030
Lithuania,2013,pers: Sole holders working on the farm,169820,2850030
Lithuania,2013,pers: Family labour force,264070,2850030
Luxembourg,2013,pers: Female: Sole holders working on the farm,410,576243
Luxembourg,2013,AWU: Sole holders,1500,576243
Luxembourg,2013,pers: Male: Sole holders working on the farm,1580,576243
Luxembourg,2013,pers: Sole holders working on the farm,1980,576243
Luxembourg,2013,pers: Family labour force,3790,576243
Malta,2013,pers: Female: Sole holders working on the farm,930,419615
Malta,2013,AWU: Sole holders,2740,419615
Malta,2013,pers: Male: Sole holders working on the farm,8270,419615
Malta,2013,pers: Sole holders working on the farm,9200,419615
Malta,2013,pers: Family labour force,14310,419615
Netherlands,2013,pers: Female: Sole holders working on the farm,3790,16979729
Netherlands,2013,AWU: Sole holders,50220,16979729
Netherlands,2013,pers: Male: Sole holders working on the farm,59320,16979729
Netherlands,2013,pers: Sole holders working on the farm,63110,16979729
Netherlands,2013,pers: Family labour force,133320,16979729
Poland,2013,pers: Female: Sole holders working on the farm,450800,38593161
Poland,2013,AWU: Sole holders,853040,38593161
Poland,2013,pers: Male: Sole holders working on the farm,965520,38593161
Poland,2013,pers: Sole holders working on the farm,1416310,38593161
Poland,2013,pers: Family labour force,3480250,38593161
Portugal,2013,pers: Female: Sole holders working on the farm,80290,10304434
Portugal,2013,AWU: Sole holders,135110,10304434
Portugal,2013,pers: Male: Sole holders working on the farm,173200,10304434
Portugal,2013,pers: Sole holders working on the farm,253490,10304434
Portugal,2013,pers: Family labour force,565830,10304434
Romania,2013,AWU: Sole holders,782770,19372734
Romania,2013,pers: Female: Sole holders working on the farm,1197920,19372734
Romania,2013,pers: Male: Sole holders working on the farm,2399360,19372734
Romania,2013,pers: Sole holders working on the farm,3597280,19372734
Slovakia,2013,pers: Female: Sole holders working on the farm,3510,5429418
Slovakia,2013,AWU: Sole holders,9330,5429418
Slovakia,2013,pers: Male: Sole holders working on the farm,17310,5429418
Slovakia,2013,pers: Sole holders working on the farm,20820,5429418
Slovakia,2013,pers: Family labour force,39090,5429418
Slovenia,2013,pers: Female: Sole holders working on the farm,16420,2069362
Slovenia,2013,AWU: Sole holders,36110,2069362
Slovenia,2013,pers: Male: Sole holders working on the farm,50120,2069362
Slovenia,2013,pers: Sole holders working on the farm,66550,2069362
Slovenia,2013,pers: Family labour force,198000,2069362
Spain,2013,pers: Female: Sole holders working on the farm,226420,46064604
Spain,2013,AWU: Sole holders,307150,46064604
Spain,2013,pers: Male: Sole holders working on the farm,566960,46064604
Spain,2013,pers: Sole holders working on the farm,793380,46064604
Spain,2013,pers: Family labour force,1437190,46064604
Sweden,2013,pers: Female: Sole holders working on the farm,9860,9851852
Sweden,2013,AWU: Sole holders,26480,9851852
Sweden,2013,pers: Male: Sole holders working on the farm,52100,9851852
Sweden,2013,pers: Sole holders working on the farm,61960,9851852
Sweden,2013,pers: Family labour force,108740,9851852
United Kingdom,2013,pers: Female: Sole holders working on the farm,25520,65111143
United Kingdom,2013,AWU: Sole holders,110510,65111143
United Kingdom,2013,pers: Male: Sole holders working on the farm,150320,65111143
United Kingdom,2013,pers: Sole holders working on the farm,175850,65111143
United Kingdom,2013,pers: Family labour force,323810,65111143
